model,error_method,method,country,target,horizon,interval_score,dispersion,underprediction,overprediction,coverage_deviation,bias,ae_median,coverage_50,coverage_80
IMF,absolute,expanding window,CAN,ngdp_rpch,0,0.149124305257882,0.127299269836151,0.00618993959394334,0.0156350958277877,0.141666666666667,,,0.583333333333333,1
IMF,absolute,expanding window,CAN,ngdp_rpch,0.5,0.321833910019969,0.314003081216845,0,0.00783082880312387,0.308333333333333,,,0.916666666666667,1
IMF,absolute,expanding window,CAN,ngdp_rpch,1,0.748487539513513,0.550139907907448,0,0.198347631606065,0.225,,,0.833333333333333,0.916666666666667
IMF,absolute,expanding window,CAN,ngdp_rpch,1.5,0.94684980482257,0.588270050845776,0.0378166830508346,0.32076307092596,0.141666666666667,,,0.75,0.833333333333333
IMF,absolute,expanding window,CAN,pcpi_pch,0,0.131313105089311,0.0720435178423414,0.022986320425652,0.0362832668213179,0.0583333333333333,,,0.583333333333333,0.833333333333333
IMF,absolute,expanding window,CAN,pcpi_pch,0.5,0.299610573566347,0.131965263382546,0.145953159150972,0.0216921510328288,-0.15,,,0.333333333333333,0.666666666666667
IMF,absolute,expanding window,CAN,pcpi_pch,1,0.341391951036959,0.205270965180972,0.0254409212392121,0.110680064616775,0.0583333333333333,,,0.583333333333333,0.833333333333333
IMF,absolute,expanding window,CAN,pcpi_pch,1.5,0.403296287494414,0.208240742901821,0.10321574604269,0.0918397985499028,0.0166666666666666,,,0.5,0.833333333333333
IMF,absolute,expanding window,DEU,ngdp_rpch,0,0.20577631627579,0.131295022384092,0.0505968617468849,0.0238844321448133,-0.025,,,0.5,0.75
IMF,absolute,expanding window,DEU,ngdp_rpch,0.5,0.522574620049981,0.235148546382095,0.218161739014278,0.069264334653608,-0.0666666666666667,,,0.416666666666667,0.75
IMF,absolute,expanding window,DEU,ngdp_rpch,1,1.11974888237098,0.498657791164467,0.17365013015704,0.447440961049469,-0.0666666666666667,,,0.416666666666667,0.75
IMF,absolute,expanding window,DEU,ngdp_rpch,1.5,1.40981070535816,0.52495277695327,0.260073233754386,0.624784694650505,-0.15,,,0.416666666666667,0.583333333333333
IMF,absolute,expanding window,DEU,pcpi_pch,0,0.0865122551379458,0.0773498892031775,0.00735655153019416,0.00180581440457418,0.183333333333333,,,0.666666666666667,1
IMF,absolute,expanding window,DEU,pcpi_pch,0.5,0.193784143162869,0.148282021150222,0.0455021220126471,0,0.141666666666667,,,0.583333333333333,1
IMF,absolute,expanding window,DEU,pcpi_pch,1,0.398427626581689,0.2611004000207,0.110807527659371,0.0265196989016174,-0.0666666666666667,,,0.333333333333333,0.833333333333333
IMF,absolute,expanding window,DEU,pcpi_pch,1.5,0.488963320411616,0.38417535895125,0.0811918542607646,0.0235961071996014,-0.0666666666666667,,,0.416666666666667,0.75
IMF,absolute,expanding window,FRA,ngdp_rpch,0,0.158050633314136,0.117512840503976,0.00297327654384459,0.0375645162663149,0.1,,,0.583333333333333,0.916666666666667
IMF,absolute,expanding window,FRA,ngdp_rpch,0.5,0.287047404344994,0.206944051246263,0,0.0801033530987309,0.1,,,0.583333333333333,0.916666666666667
IMF,absolute,expanding window,FRA,ngdp_rpch,1,0.653623387081663,0.410394503453388,0,0.243228883628275,0.0166666666666666,,,0.5,0.833333333333333
IMF,absolute,expanding window,FRA,ngdp_rpch,1.5,0.906704036462417,0.39158725038771,0.00222085720868167,0.512895928866025,-0.108333333333333,,,0.416666666666667,0.666666666666667
IMF,absolute,expanding window,FRA,pcpi_pch,0,0.0884208149009757,0.0669806946169224,0.0119522551796825,0.00948786510437088,0.1,,,0.583333333333333,0.916666666666667
IMF,absolute,expanding window,FRA,pcpi_pch,0.5,0.185817615406092,0.106717743206528,0.0742203275046483,0.00487954469491617,-0.108333333333333,,,0.416666666666667,0.666666666666667
IMF,absolute,expanding window,FRA,pcpi_pch,1,0.406970194906351,0.232459285809386,0.107160037468854,0.067350871628111,-0.191666666666667,,,0.416666666666667,0.5
IMF,absolute,expanding window,FRA,pcpi_pch,1.5,0.394128147110642,0.226467020127483,0.0905954386636729,0.0770656883194861,-0.025,,,0.416666666666667,0.833333333333333
IMF,absolute,expanding window,GBR,ngdp_rpch,0,0.173952385903264,0.113636399961456,0.0337216211298036,0.0265943648120045,-0.0666666666666667,,,0.416666666666667,0.75
IMF,absolute,expanding window,GBR,ngdp_rpch,0.5,0.30074877126631,0.175533059405019,0.000804195079089576,0.124411516782201,-0.025,,,0.416666666666667,0.833333333333333
IMF,absolute,expanding window,GBR,ngdp_rpch,1,0.762040009042426,0.263975680027638,0.00884588890609581,0.489218440108693,-0.108333333333333,,,0.333333333333333,0.75
IMF,absolute,expanding window,GBR,ngdp_rpch,1.5,1.07791966490565,0.28247968935364,0.0791838611648411,0.716256114387174,-0.191666666666667,,,0.333333333333333,0.583333333333333
IMF,absolute,expanding window,GBR,pcpi_pch,0,0.196054509903815,0.0628776646531551,0.0222888352728058,0.110888009977854,-0.025,,,0.5,0.75
IMF,absolute,expanding window,GBR,pcpi_pch,0.5,0.327049010605088,0.161170825092868,0.0844548327999092,0.0814233527123108,-0.108333333333333,,,0.25,0.833333333333333
IMF,absolute,expanding window,GBR,pcpi_pch,1,0.570614564416065,0.162912711198623,0.307296541578285,0.100405311639157,-0.233333333333333,,,0.333333333333333,0.5
IMF,absolute,expanding window,GBR,pcpi_pch,1.5,0.736607656505701,0.16591899239233,0.452609686185198,0.118078977928173,-0.233333333333333,,,0.25,0.583333333333333
IMF,absolute,expanding window,ITA,ngdp_rpch,0,0.18968956579344,0.136444531199283,0.00526919744375458,0.0479758371504026,0.141666666666667,,,0.666666666666667,0.916666666666667
IMF,absolute,expanding window,ITA,ngdp_rpch,0.5,0.367298124420816,0.279254740753426,0,0.0880433836673899,0.0583333333333333,,,0.666666666666667,0.75
IMF,absolute,expanding window,ITA,ngdp_rpch,1,1.02950951394724,0.454501465371126,0,0.575008048576112,-0.15,,,0.416666666666667,0.583333333333333
IMF,absolute,expanding window,ITA,ngdp_rpch,1.5,1.27206892205527,0.518984617940125,0.0190600984373157,0.734024205677831,-0.15,,,0.416666666666667,0.583333333333333
IMF,absolute,expanding window,ITA,pcpi_pch,0,0.0810688620330858,0.0414211065967516,0.0382667822532179,0.00138097318311625,-0.0666666666666667,,,0.416666666666667,0.75
IMF,absolute,expanding window,ITA,pcpi_pch,0.5,0.283262363323409,0.148781952586227,0.134480410737183,0,-0.0666666666666667,,,0.416666666666667,0.75
IMF,absolute,expanding window,ITA,pcpi_pch,1,0.504768960925249,0.26378362333183,0.214550441493956,0.0264348960994623,-0.191666666666667,,,0.333333333333333,0.583333333333333
IMF,absolute,expanding window,ITA,pcpi_pch,1.5,0.484392693357801,0.385653423159033,0.0835216302990912,0.0152176398996763,-0.025,,,0.333333333333333,0.916666666666667
IMF,absolute,expanding window,JPN,ngdp_rpch,0,0.436279046365374,0.164351299610731,0.0947091583617937,0.177218588392849,-0.108333333333333,,,0.416666666666667,0.666666666666667
IMF,absolute,expanding window,JPN,ngdp_rpch,0.5,0.716213152718473,0.385052731377845,0.182214664857723,0.148945756482904,-0.191666666666667,,,0.333333333333333,0.583333333333333
IMF,absolute,expanding window,JPN,ngdp_rpch,1,1.07675336505518,0.583377334071241,0.0468910773106483,0.44648495367329,-0.025,,,0.583333333333333,0.666666666666667
IMF,absolute,expanding window,JPN,ngdp_rpch,1.5,1.31325683510634,0.71037548115012,0.116629361286555,0.486251992669661,0.1,,,0.666666666666667,0.833333333333333
IMF,absolute,expanding window,JPN,pcpi_pch,0,0.0800978207511211,0.0553050331095678,0.0125984184888827,0.0121943691526706,0.0166666666666666,,,0.5,0.833333333333333
IMF,absolute,expanding window,JPN,pcpi_pch,0.5,0.210254567543918,0.142643475871339,0.0643415963479202,0.00326949532465883,0.0166666666666666,,,0.5,0.833333333333333
IMF,absolute,expanding window,JPN,pcpi_pch,1,0.432562566646183,0.219708842233789,0.0226209940236787,0.190232730388715,0.0166666666666666,,,0.5,0.833333333333333
IMF,absolute,expanding window,JPN,pcpi_pch,1.5,0.508486181830103,0.304678393550802,0,0.203807788279301,0.141666666666667,,,0.75,0.833333333333333
IMF,absolute,expanding window,USA,ngdp_rpch,0,0.291082607446388,0.193048757467833,0.0103503867261496,0.0876834632524048,0.0583333333333333,,,0.583333333333333,0.833333333333333
IMF,absolute,expanding window,USA,ngdp_rpch,0.5,0.349786920240427,0.320651423367725,0.000709706068578749,0.0284257908041235,0.225,,,0.75,1
IMF,absolute,expanding window,USA,ngdp_rpch,1,0.759141837114219,0.447759209579716,0.0288986843221892,0.282483943212314,0.0583333333333333,,,0.583333333333333,0.833333333333333
IMF,absolute,expanding window,USA,ngdp_rpch,1.5,0.958249490482822,0.447662981193285,0.135824439618987,0.37476206967055,-0.025,,,0.583333333333333,0.666666666666667
IMF,absolute,expanding window,USA,pcpi_pch,0,0.131384352344537,0.0531682349372964,0.0144304353504763,0.0637856820567642,-0.233333333333333,,,0.25,0.583333333333333
IMF,absolute,expanding window,USA,pcpi_pch,0.5,0.288429465667111,0.135017219401797,0.146158007232784,0.00725423903253084,-0.108333333333333,,,0.416666666666667,0.666666666666667
IMF,absolute,expanding window,USA,pcpi_pch,1,0.595407693929674,0.184977448218242,0.272272558997026,0.138157686714406,-0.108333333333333,,,0.416666666666667,0.666666666666667
IMF,absolute,expanding window,USA,pcpi_pch,1.5,0.600553199797757,0.226963350153445,0.239534502691958,0.134055346952354,-0.191666666666667,,,0.416666666666667,0.5
IMF,absolute,rolling window,CAN,ngdp_rpch,0,0.134410463530976,0.0743295742241189,0.00996298588992208,0.0501179034169352,-0.0666666666666667,,,0.5,0.666666666666667
IMF,absolute,rolling window,CAN,ngdp_rpch,0.5,0.262980502237038,0.210259980633423,0.00266379638469501,0.0500567252189196,0.1,,,0.583333333333333,0.916666666666667
IMF,absolute,rolling window,CAN,ngdp_rpch,1,0.804363218658696,0.39213613557303,0.0489611190995658,0.3632659639861,0.0166666666666666,,,0.583333333333333,0.75
IMF,absolute,rolling window,CAN,ngdp_rpch,1.5,1.06405830768048,0.389052484418686,0.13458826581528,0.540417557446516,-0.025,,,0.5,0.75
IMF,absolute,rolling window,CAN,pcpi_pch,0,0.146848638858162,0.0859683433559999,0.0142883268252862,0.0465919686768754,-0.0666666666666667,,,0.5,0.666666666666667
IMF,absolute,rolling window,CAN,pcpi_pch,0.5,0.309645094924562,0.162859186334915,0.134703835674432,0.0120820729152158,-0.025,,,0.5,0.75
IMF,absolute,rolling window,CAN,pcpi_pch,1,0.346000600406847,0.159610482725967,0.0619752910567413,0.124414826624139,-0.108333333333333,,,0.333333333333333,0.75
IMF,absolute,rolling window,CAN,pcpi_pch,1.5,0.435069553930639,0.18090236820905,0.144361498880093,0.109805686841496,-0.108333333333333,,,0.5,0.583333333333333
IMF,absolute,rolling window,DEU,ngdp_rpch,0,0.226221160589562,0.112358664158292,0.0537939558292841,0.0600685406019861,-0.108333333333333,,,0.5,0.583333333333333
IMF,absolute,rolling window,DEU,ngdp_rpch,0.5,0.577259580407263,0.216037475068818,0.229210938287484,0.132011167050961,-0.15,,,0.416666666666667,0.583333333333333
IMF,absolute,rolling window,DEU,ngdp_rpch,1,1.24557185435757,0.481961676193213,0.178907780829658,0.584702397334698,-0.108333333333333,,,0.5,0.583333333333333
IMF,absolute,rolling window,DEU,ngdp_rpch,1.5,1.62555163713868,0.570855238551698,0.306544081192928,0.748152317394051,-0.108333333333333,,,0.5,0.583333333333333
IMF,absolute,rolling window,DEU,pcpi_pch,0,0.097201459388563,0.0694817679581584,0.0188482621373471,0.0088714292930575,0.0166666666666666,,,0.583333333333333,0.75
IMF,absolute,rolling window,DEU,pcpi_pch,0.5,0.195545112547086,0.130123271962912,0.0654218405841733,0,0.0583333333333333,,,0.583333333333333,0.833333333333333
IMF,absolute,rolling window,DEU,pcpi_pch,1,0.446857243285295,0.263737168786327,0.133309794570418,0.0498102799285504,-0.0666666666666667,,,0.5,0.666666666666667
IMF,absolute,rolling window,DEU,pcpi_pch,1.5,0.511400126238079,0.350945496312267,0.119028447529732,0.0414261823960793,-0.191666666666667,,,0.416666666666667,0.5
IMF,absolute,rolling window,FRA,ngdp_rpch,0,0.161963133402254,0.0979182742843069,0.00153307654508208,0.0625117825728653,-0.025,,,0.5,0.75
IMF,absolute,rolling window,FRA,ngdp_rpch,0.5,0.300904195948687,0.156468746573516,0.00476380556966375,0.139671643805507,-0.025,,,0.5,0.75
IMF,absolute,rolling window,FRA,ngdp_rpch,1,0.793531117163072,0.284779158827399,0.00846677805526167,0.500285180280412,-0.191666666666667,,,0.333333333333333,0.583333333333333
IMF,absolute,rolling window,FRA,ngdp_rpch,1.5,0.991919105836137,0.346519647547234,0.02386712832926,0.621532329959642,-0.15,,,0.416666666666667,0.583333333333333
IMF,absolute,rolling window,FRA,pcpi_pch,0,0.0956588809482256,0.0512254752239574,0.0156194767166483,0.0288139290076198,-0.025,,,0.5,0.75
IMF,absolute,rolling window,FRA,pcpi_pch,0.5,0.207576223074955,0.131032799263005,0.0716638791170337,0.00487954469491617,0.0166666666666666,,,0.583333333333333,0.75
IMF,absolute,rolling window,FRA,pcpi_pch,1,0.431541118987099,0.232950722293898,0.116673462125977,0.0819169345672243,-0.191666666666667,,,0.333333333333333,0.583333333333333
IMF,absolute,rolling window,FRA,pcpi_pch,1.5,0.429350870538648,0.244198829876679,0.0978762093997112,0.0872758312622575,-0.025,,,0.416666666666667,0.833333333333333
IMF,absolute,rolling window,GBR,ngdp_rpch,0,0.181235654662718,0.0740904285375696,0.0503778319002218,0.0567673942249266,-0.15,,,0.333333333333333,0.666666666666667
IMF,absolute,rolling window,GBR,ngdp_rpch,0.5,0.323143983763361,0.156421046926801,0.00140346476737167,0.165319472069188,-0.108333333333333,,,0.5,0.583333333333333
IMF,absolute,rolling window,GBR,ngdp_rpch,1,0.772453205690148,0.258705501918967,0.00449602368489958,0.509251680086281,-0.025,,,0.5,0.75
IMF,absolute,rolling window,GBR,ngdp_rpch,1.5,1.06859367992828,0.278887572227483,0.0858296761163684,0.703876431584433,-0.191666666666667,,,0.25,0.666666666666667
IMF,absolute,rolling window,GBR,pcpi_pch,0,0.222216516115444,0.0725649677502953,0.0320512182102925,0.117600330154857,-0.0666666666666667,,,0.5,0.666666666666667
IMF,absolute,rolling window,GBR,pcpi_pch,0.5,0.324450771259859,0.140867562898865,0.0771573981930933,0.1064258101679,-0.108333333333333,,,0.333333333333333,0.75
IMF,absolute,rolling window,GBR,pcpi_pch,1,0.573556700177088,0.164990933495476,0.272991240509293,0.135574526172318,-0.233333333333333,,,0.25,0.583333333333333
IMF,absolute,rolling window,GBR,pcpi_pch,1.5,0.751208846494022,0.159977775243754,0.430752519698075,0.160478551552193,-0.275,,,0.25,0.5
IMF,absolute,rolling window,ITA,ngdp_rpch,0,0.175775480215741,0.0897934549490334,0.0155002071086621,0.0704818181580456,0.0583333333333333,,,0.583333333333333,0.833333333333333
IMF,absolute,rolling window,ITA,ngdp_rpch,0.5,0.403004200216828,0.226332932197356,0,0.176671268019472,0.0166666666666666,,,0.583333333333333,0.75
IMF,absolute,rolling window,ITA,ngdp_rpch,1,1.09420953180259,0.445582383883901,0.0258261988216087,0.622800949097076,-0.191666666666667,,,0.333333333333333,0.583333333333333
IMF,absolute,rolling window,ITA,ngdp_rpch,1.5,1.27059805672105,0.564091359060906,0.0237115300161036,0.682795167644036,-0.191666666666667,,,0.333333333333333,0.583333333333333
IMF,absolute,rolling window,ITA,pcpi_pch,0,0.0817627678577274,0.0431421761671995,0.0383827902164312,0.00023780147409667,-0.108333333333333,,,0.5,0.583333333333333
IMF,absolute,rolling window,ITA,pcpi_pch,0.5,0.291638738990618,0.148658761011073,0.142979977979545,0,-0.0666666666666667,,,0.416666666666667,0.75
IMF,absolute,rolling window,ITA,pcpi_pch,1,0.577274888097855,0.248719129647677,0.262838113550825,0.0657176448993522,-0.15,,,0.333333333333333,0.666666666666667
IMF,absolute,rolling window,ITA,pcpi_pch,1.5,0.536285296340955,0.294091093981085,0.200418886335077,0.0417753160247938,-0.191666666666667,,,0.333333333333333,0.583333333333333
IMF,absolute,rolling window,JPN,ngdp_rpch,0,0.406860576132113,0.211866267189854,0.0829401215910117,0.112054187351248,-0.025,,,0.5,0.75
IMF,absolute,rolling window,JPN,ngdp_rpch,0.5,0.748915473832939,0.474393064631019,0.153414366727699,0.121108042474222,-0.025,,,0.5,0.75
IMF,absolute,rolling window,JPN,ngdp_rpch,1,1.23609380202803,0.435485128859734,0.162389286801611,0.638219386366681,-0.0666666666666667,,,0.5,0.666666666666667
IMF,absolute,rolling window,JPN,ngdp_rpch,1.5,1.43221492189012,0.578276395704717,0.18938280316914,0.66455572301626,-0.025,,,0.5,0.75
IMF,absolute,rolling window,JPN,pcpi_pch,0,0.0830070919827837,0.0567162993698663,0.0132903524663347,0.0130004401465828,-0.025,,,0.5,0.75
IMF,absolute,rolling window,JPN,pcpi_pch,0.5,0.208241076315092,0.131442947660614,0.0731728407536476,0.00362528790083025,-0.0666666666666667,,,0.416666666666667,0.75
IMF,absolute,rolling window,JPN,pcpi_pch,1,0.473222680949084,0.184262069187786,0.0556497097822184,0.23331090197908,-0.108333333333333,,,0.416666666666667,0.666666666666667
IMF,absolute,rolling window,JPN,pcpi_pch,1.5,0.518298018246473,0.23755224443627,0.0035109351711725,0.27723483863903,0.0166666666666666,,,0.583333333333333,0.75
IMF,absolute,rolling window,USA,ngdp_rpch,0,0.314898682615185,0.167441193512653,0.0215860500382667,0.125871439064266,0.0166666666666666,,,0.583333333333333,0.75
IMF,absolute,rolling window,USA,ngdp_rpch,0.5,0.327997044029926,0.202368769482116,0.0377760149461279,0.0878522596016819,0.0583333333333333,,,0.666666666666667,0.75
IMF,absolute,rolling window,USA,ngdp_rpch,1,0.887704413071666,0.401353187297919,0.0670660631638104,0.419285162609937,-0.025,,,0.583333333333333,0.666666666666667
IMF,absolute,rolling window,USA,ngdp_rpch,1.5,1.16003033509421,0.520582610742131,0.162531117825983,0.476916606526095,-0.108333333333333,,,0.5,0.583333333333333
IMF,absolute,rolling window,USA,pcpi_pch,0,0.130973259327741,0.0751392632167516,0.00581850278859292,0.0500154933223966,-0.0666666666666667,,,0.5,0.666666666666667
IMF,absolute,rolling window,USA,pcpi_pch,0.5,0.29564557457004,0.159106835162232,0.136538739407808,0,-0.108333333333333,,,0.5,0.583333333333333
IMF,absolute,rolling window,USA,pcpi_pch,1,0.601584374695338,0.214238580000658,0.24249818864729,0.144847606047391,-0.108333333333333,,,0.416666666666667,0.666666666666667
IMF,absolute,rolling window,USA,pcpi_pch,1.5,0.602692938265189,0.270908367732231,0.196788424374107,0.134996146158851,-0.108333333333333,,,0.5,0.583333333333333
ar,absolute,expanding window,CAN,ngdp_rpch,0,0.244766232399833,0.128517018049583,0.0289432511832242,0.0873059631670256,0.0166666666666666,,,0.666666666666667,0.666666666666667
ar,absolute,expanding window,CAN,ngdp_rpch,0.5,0.375073314663109,0.260893281285461,0,0.114180033377648,0.0583333333333333,,,0.5,0.916666666666667
ar,absolute,expanding window,CAN,ngdp_rpch,1,1.04476411729398,0.459715781315918,0,0.585048335978057,0.0166666666666666,,,0.583333333333333,0.75
ar,absolute,expanding window,CAN,ngdp_rpch,1.5,1.05470795105926,0.496807149815125,0,0.557900801244136,0.0583333333333333,,,0.583333333333333,0.833333333333333
ar,absolute,expanding window,CAN,pcpi_pch,0,0.0991402437854185,0.0449416354991435,0,0.054198608286275,0.1,,,0.666666666666667,0.833333333333333
ar,absolute,expanding window,CAN,pcpi_pch,0.5,0.330615586608748,0.219156379871055,0.0156868962001463,0.0957723105375467,0.141666666666667,,,0.666666666666667,0.916666666666667
ar,absolute,expanding window,CAN,pcpi_pch,1,0.772626816681512,0.461904647353976,0,0.310722169327536,0.0166666666666666,,,0.583333333333333,0.75
ar,absolute,expanding window,CAN,pcpi_pch,1.5,0.952594762658146,0.823712571564612,0,0.128882191093534,0.183333333333333,,,0.75,0.916666666666667
ar,absolute,expanding window,DEU,ngdp_rpch,0,0.394762741204535,0.160073656794506,0.0678388471488767,0.166850237261153,-0.15,,,0.416666666666667,0.583333333333333
ar,absolute,expanding window,DEU,ngdp_rpch,0.5,0.542492515291336,0.264749973304405,0.0372640033156629,0.240478538671268,0.0166666666666666,,,0.583333333333333,0.75
ar,absolute,expanding window,DEU,ngdp_rpch,1,1.14899456732076,0.460180783522009,0.00970799349178499,0.679105790306964,-0.15,,,0.25,0.75
ar,absolute,expanding window,DEU,ngdp_rpch,1.5,1.32083967835825,0.58957752433967,0,0.731262154018581,-0.0666666666666667,,,0.5,0.666666666666667
ar,absolute,expanding window,DEU,pcpi_pch,0,0.109858910808654,0.0873575862100823,0.0206801478139629,0.00182117678460843,0.1,,,0.583333333333333,0.916666666666667
ar,absolute,expanding window,DEU,pcpi_pch,0.5,0.299126178792194,0.253461018280717,0,0.0456651605114775,0.141666666666667,,,0.75,0.833333333333333
ar,absolute,expanding window,DEU,pcpi_pch,1,0.556421846803613,0.437195186863211,0,0.119226659940402,0.225,,,0.833333333333333,0.916666666666667
ar,absolute,expanding window,DEU,pcpi_pch,1.5,0.687036396104002,0.540636951151392,0,0.146399444952611,0.1,,,0.666666666666667,0.833333333333333
ar,absolute,expanding window,FRA,ngdp_rpch,0,0.227345413171429,0.148939234860756,0,0.0784061783106726,-0.233333333333333,,,0.25,0.583333333333333
ar,absolute,expanding window,FRA,ngdp_rpch,0.5,0.538342643590055,0.3213409855168,0,0.217001658073255,-0.233333333333333,,,0.333333333333333,0.5
ar,absolute,expanding window,FRA,ngdp_rpch,1,1.11265639513129,0.563544737229377,0,0.549111657901916,-0.108333333333333,,,0.416666666666667,0.666666666666667
ar,absolute,expanding window,FRA,ngdp_rpch,1.5,1.22762346544355,0.596983358485326,0,0.630640106958226,-0.15,,,0.333333333333333,0.666666666666667
ar,absolute,expanding window,FRA,pcpi_pch,0,0.110543113931113,0.0369322510351493,0.0736108628959641,0,-0.4,,,0.166666666666667,0.333333333333333
ar,absolute,expanding window,FRA,pcpi_pch,0.5,0.251648026260647,0.159014504049235,0.0645759935406616,0.02805752867075,-0.025,,,0.5,0.75
ar,absolute,expanding window,FRA,pcpi_pch,1,0.428196564775934,0.191597424238908,0.106222497279576,0.130376643257451,-0.0666666666666667,,,0.416666666666667,0.75
ar,absolute,expanding window,FRA,pcpi_pch,1.5,0.854403430808499,0.719307346050626,0,0.135096084757874,0.225,,,0.833333333333333,0.916666666666667
ar,absolute,expanding window,GBR,ngdp_rpch,0,0.368898970003521,0.261207216573902,0.00468759233475291,0.103004161094866,0.0166666666666666,,,0.5,0.833333333333333
ar,absolute,expanding window,GBR,ngdp_rpch,0.5,0.503485155428778,0.283736262866939,0,0.219748892561839,-0.025,,,0.5,0.75
ar,absolute,expanding window,GBR,ngdp_rpch,1,0.98266496805025,0.268510262844234,0,0.714154705206016,-0.0666666666666667,,,0.5,0.666666666666667
ar,absolute,expanding window,GBR,ngdp_rpch,1.5,1.14572548066904,0.283736262866939,0,0.861989217802104,-0.15,,,0.333333333333333,0.666666666666667
ar,absolute,expanding window,GBR,pcpi_pch,0,0.238975072070572,0.168737525713146,0.0702375463574267,0,0.141666666666667,,,0.666666666666667,0.916666666666667
ar,absolute,expanding window,GBR,pcpi_pch,0.5,0.20694482435053,0.129924555779143,0.0610918524730983,0.0159284160982883,0.0166666666666666,,,0.583333333333333,0.75
ar,absolute,expanding window,GBR,pcpi_pch,1,0.81845516239101,0.566321692392202,0,0.252133469998808,-0.025,,,0.583333333333333,0.666666666666667
ar,absolute,expanding window,GBR,pcpi_pch,1.5,1.12045798366777,1.04992086175897,0,0.0705371219087983,0.183333333333333,,,0.833333333333333,0.833333333333333
ar,absolute,expanding window,ITA,ngdp_rpch,0,0.272514292070057,0.0937339314721652,0.0165515918581192,0.162228768739773,-0.025,,,0.5,0.75
ar,absolute,expanding window,ITA,ngdp_rpch,0.5,0.648442487497099,0.327602468461307,0,0.320840019035792,0.0583333333333333,,,0.666666666666667,0.75
ar,absolute,expanding window,ITA,ngdp_rpch,1,1.32539372505023,0.628487940128158,0,0.696905784922071,-0.0666666666666667,,,0.416666666666667,0.75
ar,absolute,expanding window,ITA,ngdp_rpch,1.5,1.74200811416104,0.778365257429451,0,0.963642856731593,-0.191666666666667,,,0.416666666666667,0.5
ar,absolute,expanding window,ITA,pcpi_pch,0,0.0711717420878847,0.0570658868477701,0.0110862799224025,0.00301957531771208,0.0583333333333333,,,0.416666666666667,1
ar,absolute,expanding window,ITA,pcpi_pch,0.5,0.249606169484585,0.24492748692378,0,0.00467868256080543,0.308333333333333,,,0.916666666666667,1
ar,absolute,expanding window,ITA,pcpi_pch,1,0.692225969640133,0.426739738094811,0,0.265486231545322,0.0166666666666666,,,0.583333333333333,0.75
ar,absolute,expanding window,ITA,pcpi_pch,1.5,1.20316152579099,1.05909909087133,0,0.144062434919666,0.266666666666667,,,0.916666666666667,0.916666666666667
ar,absolute,expanding window,JPN,ngdp_rpch,0,0.353011825441641,0.244096331574616,0.0506815896936067,0.0582339041734188,-0.0666666666666667,,,0.333333333333333,0.833333333333333
ar,absolute,expanding window,JPN,ngdp_rpch,0.5,0.995690384642076,0.672114253056628,0.141596751808411,0.181979379777037,0.1,,,0.666666666666667,0.833333333333333
ar,absolute,expanding window,JPN,ngdp_rpch,1,1.72232882870907,1.19914237499955,0,0.523186453709521,0.0583333333333333,,,0.583333333333333,0.833333333333333
ar,absolute,expanding window,JPN,ngdp_rpch,1.5,2.16003406782228,1.72388154791929,0,0.436152519902991,0.1,,,0.583333333333333,0.916666666666667
ar,absolute,expanding window,JPN,pcpi_pch,0,0.103010112599529,0.0477595471025618,0,0.0552505654969673,-0.108333333333333,,,0.333333333333333,0.75
ar,absolute,expanding window,JPN,pcpi_pch,0.5,0.32008193405962,0.188963785534056,0,0.131118148525563,0.0166666666666666,,,0.583333333333333,0.75
ar,absolute,expanding window,JPN,pcpi_pch,1,1.21559139245305,0.951024743954375,0,0.264566648498679,0.0166666666666666,,,0.583333333333333,0.75
ar,absolute,expanding window,JPN,pcpi_pch,1.5,1.45020252363052,1.30957019623328,0,0.140632327397242,0.1,,,0.75,0.75
ar,absolute,expanding window,USA,ngdp_rpch,0,0.226044811556144,0.210052226389375,0.00505286910339958,0.0109397160633687,0.183333333333333,,,0.666666666666667,1
ar,absolute,expanding window,USA,ngdp_rpch,0.5,0.334768314552024,0.226043896378711,0.0216090515045646,0.0871153666687489,0.0166666666666666,,,0.5,0.833333333333333
ar,absolute,expanding window,USA,ngdp_rpch,1,0.940924756187849,0.226884892801541,0.00544214289999791,0.70859772048631,-0.025,,,0.5,0.75
ar,absolute,expanding window,USA,ngdp_rpch,1.5,1.12246195189946,0.307343452973167,0.00846172017728753,0.806656778749009,-0.108333333333333,,,0.416666666666667,0.666666666666667
ar,absolute,expanding window,USA,pcpi_pch,0,0.13717291677454,0.0275240323497609,0.00218903781821709,0.107459846606562,-0.316666666666667,,,0.166666666666667,0.5
ar,absolute,expanding window,USA,pcpi_pch,0.5,0.308283605427844,0.112885585454792,0.088764584229702,0.10663343574335,-0.15,,,0.333333333333333,0.666666666666667
ar,absolute,expanding window,USA,pcpi_pch,1,0.815804317257219,0.235877300894639,0.0697406603987583,0.510186355963822,-0.191666666666667,,,0.333333333333333,0.583333333333333
ar,absolute,expanding window,USA,pcpi_pch,1.5,0.874277928272551,0.399395771552175,0,0.474882156720376,0.0166666666666666,,,0.583333333333333,0.75
ar,absolute,rolling window,CAN,ngdp_rpch,0,0.272401733665747,0.150824936208478,0.0402473026961083,0.0813294947611607,0.0166666666666666,,,0.583333333333333,0.75
ar,absolute,rolling window,CAN,ngdp_rpch,0.5,0.384101956439655,0.214981817078216,0.00522844770365668,0.163891691657783,-0.0666666666666667,,,0.416666666666667,0.75
ar,absolute,rolling window,CAN,ngdp_rpch,1,1.09610650910386,0.401403929938946,0,0.694702579164912,-0.0666666666666667,,,0.5,0.666666666666667
ar,absolute,rolling window,CAN,ngdp_rpch,1.5,1.14526559549954,0.348540730997983,0.000418129541468748,0.796306734960093,-0.15,,,0.333333333333333,0.666666666666667
ar,absolute,rolling window,CAN,pcpi_pch,0,0.102021699771982,0.0433046008925896,0,0.0587170988793921,-0.025,,,0.5,0.75
ar,absolute,rolling window,CAN,pcpi_pch,0.5,0.31416307549736,0.153211431844133,0.0293954674245205,0.131556176228706,-0.025,,,0.5,0.75
ar,absolute,rolling window,CAN,pcpi_pch,1,0.754156082737203,0.363778866939586,0,0.390377215797617,-0.0666666666666667,,,0.5,0.666666666666667
ar,absolute,rolling window,CAN,pcpi_pch,1.5,0.933674121681877,0.608250427692147,0,0.32542369398973,-0.108333333333333,,,0.416666666666667,0.666666666666667
ar,absolute,rolling window,DEU,ngdp_rpch,0,0.387521602639951,0.188982966083799,0.0584921445620201,0.140046491994132,-0.108333333333333,,,0.416666666666667,0.666666666666667
ar,absolute,rolling window,DEU,ngdp_rpch,0.5,0.588058495184401,0.208479767684836,0.0673760284361437,0.312202699063421,-0.108333333333333,,,0.5,0.583333333333333
ar,absolute,rolling window,DEU,ngdp_rpch,1,1.28675910219589,0.500114714189542,0.00940038208088708,0.777244005925459,-0.15,,,0.333333333333333,0.666666666666667
ar,absolute,rolling window,DEU,ngdp_rpch,1.5,1.47695249734972,0.603518388266371,0.00499773063630249,0.868436378447049,-0.0666666666666667,,,0.5,0.666666666666667
ar,absolute,rolling window,DEU,pcpi_pch,0,0.115142053055148,0.0835548139058594,0.0245712045313025,0.00701603461798593,0.1,,,0.666666666666667,0.833333333333333
ar,absolute,rolling window,DEU,pcpi_pch,0.5,0.25630100730116,0.131788850391639,0,0.124512156909521,-0.025,,,0.5,0.75
ar,absolute,rolling window,DEU,pcpi_pch,1,0.576988714687423,0.359580771009381,0,0.217407943678042,0.1,,,0.666666666666667,0.833333333333333
ar,absolute,rolling window,DEU,pcpi_pch,1.5,0.713739791357597,0.541013079550209,0,0.172726711807388,0.141666666666667,,,0.75,0.833333333333333
ar,absolute,rolling window,FRA,ngdp_rpch,0,0.240722982754798,0.169563457780247,0,0.0711595249745511,-0.108333333333333,,,0.416666666666667,0.666666666666667
ar,absolute,rolling window,FRA,ngdp_rpch,0.5,0.568869118301177,0.312315606590331,0,0.256553511710846,-0.275,,,0.25,0.5
ar,absolute,rolling window,FRA,ngdp_rpch,1,1.24373396912662,0.46568597108341,0,0.778047998043206,-0.233333333333333,,,0.25,0.583333333333333
ar,absolute,rolling window,FRA,ngdp_rpch,1.5,1.35740618978788,0.538532956311027,0,0.818873233476854,-0.233333333333333,,,0.25,0.583333333333333
ar,absolute,rolling window,FRA,pcpi_pch,0,0.09839593494215,0.0543544951069796,0.0440414398351704,0,-0.191666666666667,,,0.333333333333333,0.583333333333333
ar,absolute,rolling window,FRA,pcpi_pch,0.5,0.269372545815782,0.158050661114046,0.0704897147297834,0.0408321699719517,-0.0666666666666667,,,0.5,0.666666666666667
ar,absolute,rolling window,FRA,pcpi_pch,1,0.449122243460193,0.155547313425321,0.126703222204574,0.166871707830298,-0.108333333333333,,,0.333333333333333,0.75
ar,absolute,rolling window,FRA,pcpi_pch,1.5,0.790116755190836,0.591616704278782,0,0.198500050912054,0.141666666666667,,,0.666666666666667,0.916666666666667
ar,absolute,rolling window,GBR,ngdp_rpch,0,0.372373305074503,0.219832088294766,0.00430668151172668,0.14823453526801,-0.025,,,0.5,0.75
ar,absolute,rolling window,GBR,ngdp_rpch,0.5,0.496568835197192,0.247067262418546,0.00141016474805583,0.24809140803059,-0.15,,,0.333333333333333,0.666666666666667
ar,absolute,rolling window,GBR,ngdp_rpch,1,0.954328417000492,0.273939942646292,0,0.6803884743542,0.0166666666666666,,,0.5,0.833333333333333
ar,absolute,rolling window,GBR,ngdp_rpch,1.5,1.1066275564891,0.289903512365627,0.000744704949850831,0.815979339173617,-0.108333333333333,,,0.25,0.833333333333333
ar,absolute,rolling window,GBR,pcpi_pch,0,0.246672159823035,0.124831228910601,0.118711332681989,0.00312959823044501,0.0166666666666666,,,0.5,0.833333333333333
ar,absolute,rolling window,GBR,pcpi_pch,0.5,0.226187519647376,0.140448365722699,0.0726065485030692,0.0131326054216083,-0.0666666666666667,,,0.5,0.666666666666667
ar,absolute,rolling window,GBR,pcpi_pch,1,0.835949463741349,0.600954166080284,0,0.234995297661065,0.0166666666666666,,,0.583333333333333,0.75
ar,absolute,rolling window,GBR,pcpi_pch,1.5,1.0891966242792,1.00389102784019,0,0.0853055964390092,0.141666666666667,,,0.75,0.833333333333333
ar,absolute,rolling window,ITA,ngdp_rpch,0,0.286195752527421,0.108324691329932,0.0101646918303413,0.167706369367148,-0.0666666666666667,,,0.416666666666667,0.75
ar,absolute,rolling window,ITA,ngdp_rpch,0.5,0.663877244133171,0.297654160251265,0,0.366223083881906,0.0166666666666666,,,0.583333333333333,0.75
ar,absolute,rolling window,ITA,ngdp_rpch,1,1.31903394745831,0.609772695027737,0,0.709261252430577,-0.108333333333333,,,0.416666666666667,0.666666666666667
ar,absolute,rolling window,ITA,ngdp_rpch,1.5,1.76408811879541,0.816163156496651,0,0.947924962298764,-0.191666666666667,,,0.416666666666667,0.5
ar,absolute,rolling window,ITA,pcpi_pch,0,0.0745166804627933,0.0534074525833024,0.0145924107625325,0.00651681711695832,0.0166666666666666,,,0.5,0.833333333333333
ar,absolute,rolling window,ITA,pcpi_pch,0.5,0.193499592414862,0.166429047588886,0,0.0270705448259762,0.141666666666667,,,0.75,0.833333333333333
ar,absolute,rolling window,ITA,pcpi_pch,1,0.72078456419336,0.447498418454374,0,0.273286145738987,-0.025,,,0.583333333333333,0.666666666666667
ar,absolute,rolling window,ITA,pcpi_pch,1.5,1.19336134229802,1.00140729926956,0,0.191954043028461,0.225,,,0.833333333333333,0.916666666666667
ar,absolute,rolling window,JPN,ngdp_rpch,0,0.363591390266313,0.264436856936199,0.0295909902197712,0.0695635431103425,-0.025,,,0.416666666666667,0.833333333333333
ar,absolute,rolling window,JPN,ngdp_rpch,0.5,1.07526827513586,0.515662494326967,0.215132260505494,0.344473520303396,-0.0666666666666667,,,0.5,0.666666666666667
ar,absolute,rolling window,JPN,ngdp_rpch,1,1.79807626252056,0.940384251995395,0,0.85769201052516,-0.025,,,0.5,0.75
ar,absolute,rolling window,JPN,ngdp_rpch,1.5,2.29242701038938,1.31034356514663,0,0.982083445242749,-0.025,,,0.5,0.75
ar,absolute,rolling window,JPN,pcpi_pch,0,0.110293639224783,0.0539497778544402,0,0.056343861370343,-0.108333333333333,,,0.333333333333333,0.75
ar,absolute,rolling window,JPN,pcpi_pch,0.5,0.331776213967597,0.165756900391509,0,0.166019313576088,-0.0666666666666667,,,0.5,0.666666666666667
ar,absolute,rolling window,JPN,pcpi_pch,1,1.23969025888289,0.970083833784447,0,0.269606425098445,0.0583333333333333,,,0.666666666666667,0.75
ar,absolute,rolling window,JPN,pcpi_pch,1.5,1.43581400442209,1.30860434574803,0,0.127209658674061,0.1,,,0.666666666666667,0.833333333333333
ar,absolute,rolling window,USA,ngdp_rpch,0,0.201654711155237,0.123750381331052,0.0456573679457875,0.0322469618783978,-0.191666666666667,,,0.416666666666667,0.5
ar,absolute,rolling window,USA,ngdp_rpch,0.5,0.356952074938157,0.201992301440188,0.0388457213286867,0.116114052169282,-0.025,,,0.5,0.75
ar,absolute,rolling window,USA,ngdp_rpch,1,1.00644633788698,0.2008621102465,0.00898312207618166,0.796601105564294,-0.025,,,0.5,0.75
ar,absolute,rolling window,USA,ngdp_rpch,1.5,1.17711846625528,0.361425292595958,0.00825986427464875,0.807433309384668,-0.025,,,0.5,0.75
ar,absolute,rolling window,USA,pcpi_pch,0,0.14569366023264,0.0410684049853589,0.000745114624528346,0.103880140622753,-0.275,,,0.25,0.5
ar,absolute,rolling window,USA,pcpi_pch,0.5,0.316888788244564,0.147187817901489,0.0719556361283692,0.0977453342147054,-0.025,,,0.5,0.75
ar,absolute,rolling window,USA,pcpi_pch,1,0.832125176079662,0.248684518010495,0.0792236227592596,0.504217035309907,-0.15,,,0.416666666666667,0.583333333333333
ar,absolute,rolling window,USA,pcpi_pch,1.5,0.894339013207018,0.354439175064996,0,0.539899838142021,-0.025,,,0.5,0.75
bvar,absolute,expanding window,CAN,ngdp_rpch,0,0.24279872425946,0.128012333634332,0.0288811977000488,0.085905192925079,0.0166666666666666,,,0.666666666666667,0.666666666666667
bvar,absolute,expanding window,CAN,ngdp_rpch,0.5,0.343276384531238,0.27493411146782,0.00258052378612459,0.065761749277293,0.141666666666667,,,0.583333333333333,1
bvar,absolute,expanding window,CAN,ngdp_rpch,1,0.955712672561443,0.447044289005539,0,0.508668383555903,0.0583333333333333,,,0.666666666666667,0.75
bvar,absolute,expanding window,CAN,ngdp_rpch,1.5,0.942955311209259,0.480492037715716,0,0.462463273493543,0.0583333333333333,,,0.666666666666667,0.75
bvar,absolute,expanding window,CAN,pcpi_pch,0,0.0946206101290027,0.047301486345741,0,0.0473191237832617,0.1,,,0.666666666666667,0.833333333333333
bvar,absolute,expanding window,CAN,pcpi_pch,0.5,0.354491773251844,0.226054070571459,0.0435810627762417,0.0848566399041433,0.141666666666667,,,0.666666666666667,0.916666666666667
bvar,absolute,expanding window,CAN,pcpi_pch,1,0.791318150549782,0.496931720075001,0,0.294386430474782,0.1,,,0.75,0.75
bvar,absolute,expanding window,CAN,pcpi_pch,1.5,0.939756026823054,0.833153043521509,0,0.106602983301545,0.225,,,0.75,1
bvar,absolute,expanding window,DEU,ngdp_rpch,0,0.394773900329118,0.161636522270229,0.0776218002061263,0.155515577852762,-0.15,,,0.416666666666667,0.583333333333333
bvar,absolute,expanding window,DEU,ngdp_rpch,0.5,0.561184022461681,0.237284942553223,0.10521028164276,0.218688798265698,-0.025,,,0.583333333333333,0.666666666666667
bvar,absolute,expanding window,DEU,ngdp_rpch,1,1.04463911491008,0.318259751589946,0.0573745673164142,0.669004796003725,-0.191666666666667,,,0.25,0.666666666666667
bvar,absolute,expanding window,DEU,ngdp_rpch,1.5,1.24283374471887,0.424839028028986,0.0731498790351217,0.744844837654762,-0.191666666666667,,,0.333333333333333,0.583333333333333
bvar,absolute,expanding window,DEU,pcpi_pch,0,0.110091833432528,0.0842430675434674,0.02390149015759,0.00194727573147083,0.141666666666667,,,0.666666666666667,0.916666666666667
bvar,absolute,expanding window,DEU,pcpi_pch,0.5,0.306504106426329,0.28490915704393,0,0.0215949493823992,0.225,,,0.833333333333333,0.916666666666667
bvar,absolute,expanding window,DEU,pcpi_pch,1,0.522931321094949,0.428866856592958,0,0.0940644645019903,0.225,,,0.833333333333333,0.916666666666667
bvar,absolute,expanding window,DEU,pcpi_pch,1.5,0.688894462404753,0.600590212938679,0,0.0883042494660741,0.141666666666667,,,0.75,0.833333333333333
bvar,absolute,expanding window,FRA,ngdp_rpch,0,0.201662411548595,0.125477938988057,0.00132474999195709,0.0748597225685805,-0.275,,,0.25,0.5
bvar,absolute,expanding window,FRA,ngdp_rpch,0.5,0.384630918531511,0.253040785154823,0,0.131590133376688,-0.025,,,0.5,0.75
bvar,absolute,expanding window,FRA,ngdp_rpch,1,0.830108340396524,0.383012536687041,0,0.447095803709483,-0.0666666666666667,,,0.416666666666667,0.75
bvar,absolute,expanding window,FRA,ngdp_rpch,1.5,0.940137584095391,0.414952814803225,0,0.525184769292167,-0.0666666666666667,,,0.416666666666667,0.75
bvar,absolute,expanding window,FRA,pcpi_pch,0,0.114259573907932,0.0411186751581118,0.0731408987498204,0,-0.4,,,0.166666666666667,0.333333333333333
bvar,absolute,expanding window,FRA,pcpi_pch,0.5,0.298815631838339,0.136221720121452,0.13751778289145,0.0250761288254371,-0.108333333333333,,,0.416666666666667,0.666666666666667
bvar,absolute,expanding window,FRA,pcpi_pch,1,0.451025005546589,0.182706121152248,0.189507155786491,0.0788117286078494,-0.108333333333333,,,0.5,0.583333333333333
bvar,absolute,expanding window,FRA,pcpi_pch,1.5,0.738394697538635,0.589847048002248,0.0197333798344513,0.128814269701936,0.183333333333333,,,0.75,0.916666666666667
bvar,absolute,expanding window,GBR,ngdp_rpch,0,0.376970408366366,0.280126374231098,0.00168461328819125,0.0951594208470759,0.0166666666666666,,,0.5,0.833333333333333
bvar,absolute,expanding window,GBR,ngdp_rpch,0.5,0.493909152991054,0.328766414909298,0,0.165142738081756,0.0583333333333333,,,0.583333333333333,0.833333333333333
bvar,absolute,expanding window,GBR,ngdp_rpch,1,0.944197653243702,0.289522532868111,0.00111869814299666,0.653556422232594,-0.108333333333333,,,0.416666666666667,0.666666666666667
bvar,absolute,expanding window,GBR,ngdp_rpch,1.5,1.13790232970156,0.331964490033874,0,0.805937839667682,-0.15,,,0.333333333333333,0.666666666666667
bvar,absolute,expanding window,GBR,pcpi_pch,0,0.246308953633953,0.167940920521011,0.0783680331129421,0,0.141666666666667,,,0.666666666666667,0.916666666666667
bvar,absolute,expanding window,GBR,pcpi_pch,0.5,0.30581213332143,0.14934116570736,0.154791720316473,0.00167924729759625,-0.15,,,0.333333333333333,0.666666666666667
bvar,absolute,expanding window,GBR,pcpi_pch,1,0.549167090130434,0.4018140907585,0.0460643964608037,0.10128860291113,0.0583333333333333,,,0.583333333333333,0.833333333333333
bvar,absolute,expanding window,GBR,pcpi_pch,1.5,0.717821224208752,0.707259385154785,0,0.0105618390539671,0.266666666666667,,,0.833333333333333,1
bvar,absolute,expanding window,ITA,ngdp_rpch,0,0.260289784450514,0.0904114408845109,0.0209884920471692,0.148889851518834,-0.108333333333333,,,0.333333333333333,0.75
bvar,absolute,expanding window,ITA,ngdp_rpch,0.5,0.567694455719756,0.247946624885686,0.0158853584122221,0.303862472421848,0.0583333333333333,,,0.666666666666667,0.75
bvar,absolute,expanding window,ITA,ngdp_rpch,1,1.03884162176012,0.432666059360666,0,0.606175562399455,-0.025,,,0.5,0.75
bvar,absolute,expanding window,ITA,ngdp_rpch,1.5,1.42146454880254,0.444156306060144,0,0.977308242742395,-0.108333333333333,,,0.416666666666667,0.666666666666667
bvar,absolute,expanding window,ITA,pcpi_pch,0,0.0800793444765118,0.0500907270998481,0.0299886173766637,0,0.0166666666666666,,,0.5,0.833333333333333
bvar,absolute,expanding window,ITA,pcpi_pch,0.5,0.219317737988237,0.182921149010255,0.0340674932648639,0.00232909571311792,0.141666666666667,,,0.666666666666667,0.916666666666667
bvar,absolute,expanding window,ITA,pcpi_pch,1,0.434487065114891,0.209568624241386,0.0504625642108038,0.174455876662702,-0.025,,,0.5,0.75
bvar,absolute,expanding window,ITA,pcpi_pch,1.5,0.828509527878476,0.674552224763121,0.0128783285785642,0.141078974536791,0.225,,,0.833333333333333,0.916666666666667
bvar,absolute,expanding window,JPN,ngdp_rpch,0,0.350615870690909,0.256735890617802,0.0547134563531242,0.0391665237199834,-0.025,,,0.5,0.75
bvar,absolute,expanding window,JPN,ngdp_rpch,0.5,0.909387406063935,0.595193289101809,0.181550941572734,0.132643175389392,0.1,,,0.666666666666667,0.833333333333333
bvar,absolute,expanding window,JPN,ngdp_rpch,1,1.35711121005111,0.895255399869763,0.005022006662525,0.45683380351882,0.1,,,0.666666666666667,0.833333333333333
bvar,absolute,expanding window,JPN,ngdp_rpch,1.5,1.68876872914146,1.31344873585525,0.0325787880312542,0.342741205254961,0.141666666666667,,,0.666666666666667,0.916666666666667
bvar,absolute,expanding window,JPN,pcpi_pch,0,0.0726828796756811,0.0375885086997263,0.000685284992772718,0.0344090859831822,0.0166666666666666,,,0.5,0.833333333333333
bvar,absolute,expanding window,JPN,pcpi_pch,0.5,0.326445670958959,0.139514277994354,0.114756523040465,0.0721748699241397,-0.15,,,0.333333333333333,0.666666666666667
bvar,absolute,expanding window,JPN,pcpi_pch,1,0.693188656014134,0.576473102846722,0,0.116715553167412,0.1,,,0.666666666666667,0.833333333333333
bvar,absolute,expanding window,JPN,pcpi_pch,1.5,0.970008864067037,0.893355462680584,0,0.0766534013864527,0.183333333333333,,,0.75,0.916666666666667
bvar,absolute,expanding window,USA,ngdp_rpch,0,0.224330654803714,0.210083781123098,0,0.0142468736806156,0.308333333333333,,,0.916666666666667,1
bvar,absolute,expanding window,USA,ngdp_rpch,0.5,0.381480347889064,0.234788906765652,0.0230531075238983,0.123638333599514,0.0166666666666666,,,0.416666666666667,0.916666666666667
bvar,absolute,expanding window,USA,ngdp_rpch,1,1.06537092432383,0.308186336046716,0,0.757184588277115,-0.025,,,0.5,0.75
bvar,absolute,expanding window,USA,ngdp_rpch,1.5,1.17864967932446,0.334550440903811,0.00920891541090376,0.834890323009749,-0.15,,,0.333333333333333,0.666666666666667
bvar,absolute,expanding window,USA,pcpi_pch,0,0.131510688540548,0.0267476722592354,0.00310849155463585,0.101654524726676,-0.275,,,0.25,0.5
bvar,absolute,expanding window,USA,pcpi_pch,0.5,0.30012279439867,0.104337672768772,0.116214213462967,0.0795709081669308,-0.191666666666667,,,0.25,0.666666666666667
bvar,absolute,expanding window,USA,pcpi_pch,1,0.762080711032201,0.204418824122509,0.125833615195946,0.431828271713745,-0.191666666666667,,,0.416666666666667,0.5
bvar,absolute,expanding window,USA,pcpi_pch,1.5,0.681917694326341,0.352363223072906,0,0.329554471253435,0.0583333333333333,,,0.666666666666667,0.75
bvar,absolute,rolling window,CAN,ngdp_rpch,0,0.27198571229414,0.151989813174948,0.0405462158635592,0.0794496832556332,0.0583333333333333,,,0.666666666666667,0.75
bvar,absolute,rolling window,CAN,ngdp_rpch,0.5,0.371259507615818,0.22417277486209,0.0125706997518758,0.134516033001853,0.0166666666666666,,,0.583333333333333,0.75
bvar,absolute,rolling window,CAN,ngdp_rpch,1,1.00525770777582,0.368796564484467,0.00729373639543418,0.629167406895922,-0.0666666666666667,,,0.416666666666667,0.75
bvar,absolute,rolling window,CAN,ngdp_rpch,1.5,0.979317359068014,0.30436530197809,0.0135289388864088,0.661423118203515,-0.15,,,0.333333333333333,0.666666666666667
bvar,absolute,rolling window,CAN,pcpi_pch,0,0.0971486532802219,0.0410625707969481,0,0.0560860824832738,0.0583333333333333,,,0.666666666666667,0.75
bvar,absolute,rolling window,CAN,pcpi_pch,0.5,0.372754927983259,0.172856073047387,0.0880418908980821,0.11185696403779,-0.025,,,0.5,0.75
bvar,absolute,rolling window,CAN,pcpi_pch,1,0.75619824219746,0.356306312659948,0,0.399891929537512,0.0166666666666666,,,0.583333333333333,0.75
bvar,absolute,rolling window,CAN,pcpi_pch,1.5,0.86231449708455,0.59680237046504,0,0.265512126619511,-0.0666666666666667,,,0.416666666666667,0.75
bvar,absolute,rolling window,DEU,ngdp_rpch,0,0.386258819908492,0.188749233150848,0.0671985118407625,0.130311074916881,-0.108333333333333,,,0.416666666666667,0.666666666666667
bvar,absolute,rolling window,DEU,ngdp_rpch,0.5,0.580666789854483,0.227003597205475,0.128255861042181,0.225407331606826,-0.15,,,0.416666666666667,0.583333333333333
bvar,absolute,rolling window,DEU,ngdp_rpch,1,1.22235736689321,0.366700462336683,0.0895000074232963,0.766156897133236,-0.191666666666667,,,0.333333333333333,0.583333333333333
bvar,absolute,rolling window,DEU,ngdp_rpch,1.5,1.40867817668214,0.455447028140312,0.115090904357456,0.838140244184375,-0.15,,,0.416666666666667,0.583333333333333
bvar,absolute,rolling window,DEU,pcpi_pch,0,0.113301451066696,0.0819663936590767,0.0260412897817312,0.00529376762588818,0.1,,,0.666666666666667,0.833333333333333
bvar,absolute,rolling window,DEU,pcpi_pch,0.5,0.219485894531906,0.122489354067709,0.0046559353056575,0.0923406051585396,0.0166666666666666,,,0.583333333333333,0.75
bvar,absolute,rolling window,DEU,pcpi_pch,1,0.534278834365967,0.350168822848769,0,0.184110011517198,0.0583333333333333,,,0.666666666666667,0.75
bvar,absolute,rolling window,DEU,pcpi_pch,1.5,0.679365603290388,0.557527470925606,0,0.121838132364782,0.225,,,0.833333333333333,0.916666666666667
bvar,absolute,rolling window,FRA,ngdp_rpch,0,0.203623379482173,0.140963068505217,0,0.0626603109769556,-0.15,,,0.333333333333333,0.666666666666667
bvar,absolute,rolling window,FRA,ngdp_rpch,0.5,0.427227392659696,0.220363055938453,0.00422782027011957,0.202636516451123,-0.191666666666667,,,0.333333333333333,0.583333333333333
bvar,absolute,rolling window,FRA,ngdp_rpch,1,0.953723607173973,0.301084967636193,0,0.65263863953778,-0.15,,,0.416666666666667,0.583333333333333
bvar,absolute,rolling window,FRA,ngdp_rpch,1.5,1.02376206165515,0.356621413857846,0,0.667140647797309,-0.15,,,0.416666666666667,0.583333333333333
bvar,absolute,rolling window,FRA,pcpi_pch,0,0.103229300008922,0.0588749443612679,0.0443543556476541,0,-0.233333333333333,,,0.25,0.583333333333333
bvar,absolute,rolling window,FRA,pcpi_pch,0.5,0.327734201869397,0.165107323837804,0.122356177103113,0.0402707009284796,-0.0666666666666667,,,0.5,0.666666666666667
bvar,absolute,rolling window,FRA,pcpi_pch,1,0.460793303792457,0.180959182154698,0.17682579126221,0.103008330375549,-0.0666666666666667,,,0.416666666666667,0.75
bvar,absolute,rolling window,FRA,pcpi_pch,1.5,0.71588404743593,0.479806305503671,0.0554749672818742,0.180602774650385,0.1,,,0.666666666666667,0.833333333333333
bvar,absolute,rolling window,GBR,ngdp_rpch,0,0.388553661473789,0.244539386281887,0,0.144014275191902,0.0583333333333333,,,0.583333333333333,0.833333333333333
bvar,absolute,rolling window,GBR,ngdp_rpch,0.5,0.497546499167372,0.2697320061168,0,0.227814493050572,-0.025,,,0.5,0.75
bvar,absolute,rolling window,GBR,ngdp_rpch,1,0.915729598702123,0.302747244429114,0.000299594430558751,0.61268275984245,-0.025,,,0.5,0.75
bvar,absolute,rolling window,GBR,ngdp_rpch,1.5,1.13268333395063,0.319974096058829,0,0.812709237891799,-0.0666666666666667,,,0.333333333333333,0.833333333333333
bvar,absolute,rolling window,GBR,pcpi_pch,0,0.257137843752643,0.12417690789148,0.130785714157789,0.00217522170337418,-0.0666666666666667,,,0.416666666666667,0.75
bvar,absolute,rolling window,GBR,pcpi_pch,0.5,0.333283032061156,0.180473002390177,0.152810029670979,0,-0.025,,,0.5,0.75
bvar,absolute,rolling window,GBR,pcpi_pch,1,0.567136758799882,0.334208477796151,0.0662401201325396,0.166688160871192,-0.108333333333333,,,0.416666666666667,0.666666666666667
bvar,absolute,rolling window,GBR,pcpi_pch,1.5,0.624017565689269,0.562178998223519,0.0213463373632204,0.0404922301025291,0.1,,,0.75,0.75
bvar,absolute,rolling window,ITA,ngdp_rpch,0,0.273854125864665,0.106946255836919,0.0199499519685144,0.146957918059232,-0.108333333333333,,,0.333333333333333,0.75
bvar,absolute,rolling window,ITA,ngdp_rpch,0.5,0.590672788233829,0.243585510391121,0.0216616358340829,0.325425642008625,-0.025,,,0.5,0.75
bvar,absolute,rolling window,ITA,ngdp_rpch,1,1.03298625608563,0.380110145272728,0,0.652876110812898,-0.108333333333333,,,0.416666666666667,0.666666666666667
bvar,absolute,rolling window,ITA,ngdp_rpch,1.5,1.48507957269479,0.48290673564073,0,1.00217283705406,-0.191666666666667,,,0.416666666666667,0.5
bvar,absolute,rolling window,ITA,pcpi_pch,0,0.0837245699345951,0.0484983671736981,0.0351685669979841,5.76357629129184e-05,-0.108333333333333,,,0.416666666666667,0.666666666666667
bvar,absolute,rolling window,ITA,pcpi_pch,0.5,0.219099083412968,0.12386928829369,0.0911243423743384,0.00410545274493958,0.0583333333333333,,,0.666666666666667,0.75
bvar,absolute,rolling window,ITA,pcpi_pch,1,0.45636376116265,0.197867877932173,0.048896441520548,0.209599441709928,-0.0666666666666667,,,0.5,0.666666666666667
bvar,absolute,rolling window,ITA,pcpi_pch,1.5,0.805089985906235,0.506804290271407,0.0741320274616578,0.22415366817317,0.1,,,0.75,0.75
bvar,absolute,rolling window,JPN,ngdp_rpch,0,0.363566431409448,0.257600845027612,0.0547208977896875,0.0512446885921487,-0.025,,,0.5,0.75
bvar,absolute,rolling window,JPN,ngdp_rpch,0.5,0.940410968934566,0.449183253377059,0.267088606000134,0.224139109557373,-0.025,,,0.5,0.75
bvar,absolute,rolling window,JPN,ngdp_rpch,1,1.48838800676872,0.605975832512407,0.10384265047671,0.778569523779602,-0.025,,,0.583333333333333,0.666666666666667
bvar,absolute,rolling window,JPN,ngdp_rpch,1.5,2.03495719757778,0.884874405526575,0.235176914924091,0.914905877127115,0.0166666666666666,,,0.583333333333333,0.75
bvar,absolute,rolling window,JPN,pcpi_pch,0,0.080046747974763,0.0310123995118879,0.00193526625072496,0.0470990822121502,-0.191666666666667,,,0.333333333333333,0.583333333333333
bvar,absolute,rolling window,JPN,pcpi_pch,0.5,0.344920726523081,0.146020084547965,0.142982196913658,0.0559184450614571,-0.15,,,0.333333333333333,0.666666666666667
bvar,absolute,rolling window,JPN,pcpi_pch,1,0.701186834008021,0.500191597663938,0,0.200995236344083,-0.025,,,0.5,0.75
bvar,absolute,rolling window,JPN,pcpi_pch,1.5,0.874755732803957,0.707332815104151,0,0.167422917699806,0.0583333333333333,,,0.666666666666667,0.75
bvar,absolute,rolling window,USA,ngdp_rpch,0,0.199340489520636,0.12442487646537,0.0411228414809883,0.0337927715742777,-0.15,,,0.333333333333333,0.666666666666667
bvar,absolute,rolling window,USA,ngdp_rpch,0.5,0.393121969628899,0.239632437111878,0.0265742360585175,0.126915296458504,-0.108333333333333,,,0.333333333333333,0.75
bvar,absolute,rolling window,USA,ngdp_rpch,1,1.11963327700784,0.265780767112099,0,0.853852509895742,-0.15,,,0.333333333333333,0.666666666666667
bvar,absolute,rolling window,USA,ngdp_rpch,1.5,1.253017386356,0.370704245358863,0.0215745589326383,0.860738582064496,-0.191666666666667,,,0.333333333333333,0.583333333333333
bvar,absolute,rolling window,USA,pcpi_pch,0,0.141506115877576,0.0392719171914601,0.00168293612498501,0.100551262561131,-0.275,,,0.25,0.5
bvar,absolute,rolling window,USA,pcpi_pch,0.5,0.298477874249593,0.146337071879226,0.0853714451135152,0.0667693572568525,-0.108333333333333,,,0.416666666666667,0.666666666666667
bvar,absolute,rolling window,USA,pcpi_pch,1,0.762617808024517,0.218111078681342,0.117603681778839,0.426903047564336,-0.108333333333333,,,0.5,0.583333333333333
bvar,absolute,rolling window,USA,pcpi_pch,1.5,0.710205165652044,0.261052934549501,0.00351743809593127,0.445634793006612,-0.025,,,0.5,0.75
