model,error_method,method,country,target,horizon,interval_score,dispersion,underprediction,overprediction,coverage_10,coverage_20,coverage_30,coverage_40,coverage_50,coverage_60,coverage_70,coverage_80,coverage_90,qucoverage_5,qucoverage_10,qucoverage_15,qucoverage_20,qucoverage_25,qucoverage_30,qucoverage_35,qucoverage_40,qucoverage_45,qucoverage_55,qucoverage_60,qucoverage_65,qucoverage_70,qucoverage_75,qucoverage_80,qucoverage_85,qucoverage_90,qucoverage_95
IMF,directional,rolling window,CAN,ngdp_rpch,0,0.147668062489752,0.0689065649217622,0.032320097998726,0.0464413995692636,0.25,0.333333333333333,0.333333333333333,0.333333333333333,0.5,0.583333333333333,0.666666666666667,0.75,0.833333333333333,0.0833333333333333,0.0833333333333333,0.166666666666667,0.166666666666667,0.25,0.333333333333333,0.333333333333333,0.333333333333333,0.416666666666667,0.666666666666667,0.666666666666667,0.666666666666667,0.666666666666667,0.75,0.75,0.833333333333333,0.833333333333333,0.916666666666667
IMF,directional,rolling window,DEU,ngdp_rpch,0,0.271744118899441,0.0805887870719754,0.131287940479881,0.0598673913475849,0,0.166666666666667,0.25,0.25,0.333333333333333,0.5,0.666666666666667,0.666666666666667,0.75,0.0833333333333333,0.166666666666667,0.166666666666667,0.166666666666667,0.25,0.333333333333333,0.333333333333333,0.333333333333333,0.5,0.5,0.5,0.583333333333333,0.583333333333333,0.583333333333333,0.666666666666667,0.833333333333333,0.833333333333333,0.833333333333333
IMF,directional,rolling window,FRA,ngdp_rpch,0,0.187623992277708,0.0767625485878203,0.0239102914514594,0.0869511522384283,0.25,0.333333333333333,0.416666666666667,0.416666666666667,0.5,0.5,0.666666666666667,0.75,0.833333333333333,0.166666666666667,0.166666666666667,0.166666666666667,0.333333333333333,0.333333333333333,0.416666666666667,0.416666666666667,0.416666666666667,0.5,0.75,0.75,0.833333333333333,0.833333333333333,0.833333333333333,0.833333333333333,0.833333333333333,0.916666666666667,1
IMF,directional,rolling window,GBR,ngdp_rpch,0,0.225309442595151,0.0660432791435261,0.061926567214607,0.0973395962370179,0,0,0.0833333333333333,0.25,0.333333333333333,0.416666666666667,0.416666666666667,0.416666666666667,0.75,0.166666666666667,0.416666666666667,0.416666666666667,0.416666666666667,0.5,0.583333333333333,0.666666666666667,0.666666666666667,0.666666666666667,0.666666666666667,0.666666666666667,0.75,0.833333333333333,0.833333333333333,0.833333333333333,0.833333333333333,0.833333333333333,0.916666666666667
IMF,directional,rolling window,ITA,ngdp_rpch,0,0.199972984198248,0.076001751240623,0.0547395066776006,0.0692317262800239,0.0833333333333333,0.25,0.416666666666667,0.5,0.583333333333333,0.666666666666667,0.666666666666667,0.75,0.75,0.0833333333333333,0.0833333333333333,0.0833333333333333,0.0833333333333333,0.166666666666667,0.25,0.333333333333333,0.333333333333333,0.416666666666667,0.5,0.583333333333333,0.75,0.75,0.75,0.75,0.75,0.833333333333333,0.833333333333333
IMF,directional,rolling window,JPN,ngdp_rpch,0,0.552440902493222,0.138700396478143,0.17353173625175,0.240208769763329,0,0,0.166666666666667,0.25,0.25,0.333333333333333,0.5,0.5,0.583333333333333,0.166666666666667,0.166666666666667,0.166666666666667,0.25,0.333333333333333,0.333333333333333,0.416666666666667,0.416666666666667,0.416666666666667,0.416666666666667,0.416666666666667,0.583333333333333,0.583333333333333,0.583333333333333,0.583333333333333,0.666666666666667,0.666666666666667,0.75
IMF,directional,rolling window,USA,ngdp_rpch,0,0.360327053131752,0.153120960640549,0.0596312989406688,0.147574793550534,0.0833333333333333,0.25,0.25,0.25,0.5,0.5,0.666666666666667,0.75,0.75,0.166666666666667,0.166666666666667,0.166666666666667,0.166666666666667,0.166666666666667,0.416666666666667,0.416666666666667,0.416666666666667,0.5,0.583333333333333,0.666666666666667,0.666666666666667,0.666666666666667,0.666666666666667,0.666666666666667,0.833333333333333,0.916666666666667,0.916666666666667
IMF,directional,rolling window,CAN,ngdp_rpch,0.5,0.33045725194042,0.206358308636086,0.0364402568385429,0.0876586864657906,0.166666666666667,0.166666666666667,0.5,0.666666666666667,0.833333333333333,0.833333333333333,0.916666666666667,0.916666666666667,0.916666666666667,0.0833333333333333,0.0833333333333333,0.0833333333333333,0.0833333333333333,0.0833333333333333,0.25,0.416666666666667,0.583333333333333,0.583333333333333,0.75,0.75,0.916666666666667,0.916666666666667,0.916666666666667,0.916666666666667,1,1,1
IMF,directional,rolling window,DEU,ngdp_rpch,0.5,0.62731330629425,0.15325026890876,0.366170333283432,0.107892704102058,0.0833333333333333,0.166666666666667,0.25,0.333333333333333,0.5,0.583333333333333,0.583333333333333,0.583333333333333,0.833333333333333,0,0.0833333333333333,0.0833333333333333,0.0833333333333333,0.166666666666667,0.25,0.25,0.333333333333333,0.333333333333333,0.416666666666667,0.5,0.5,0.583333333333333,0.666666666666667,0.666666666666667,0.666666666666667,0.666666666666667,0.833333333333333
IMF,directional,rolling window,FRA,ngdp_rpch,0.5,0.301507500337995,0.141023553050713,0.0385638507591297,0.121920096528153,0.166666666666667,0.166666666666667,0.25,0.416666666666667,0.416666666666667,0.75,0.75,0.75,0.916666666666667,0.0833333333333333,0.166666666666667,0.166666666666667,0.166666666666667,0.333333333333333,0.333333333333333,0.416666666666667,0.416666666666667,0.416666666666667,0.583333333333333,0.583333333333333,0.666666666666667,0.75,0.75,0.916666666666667,0.916666666666667,0.916666666666667,1
IMF,directional,rolling window,GBR,ngdp_rpch,0.5,0.342870357173995,0.114554487343515,0.0270396349655785,0.201276234864901,0,0.0833333333333333,0.166666666666667,0.25,0.416666666666667,0.416666666666667,0.5,0.583333333333333,0.75,0.25,0.333333333333333,0.416666666666667,0.5,0.5,0.5,0.583333333333333,0.666666666666667,0.666666666666667,0.666666666666667,0.75,0.75,0.75,0.916666666666667,0.916666666666667,0.916666666666667,0.916666666666667,1
IMF,directional,rolling window,ITA,ngdp_rpch,0.5,0.394516470682516,0.197288768377806,0.0891292114422322,0.108098490862478,0.25,0.333333333333333,0.416666666666667,0.5,0.583333333333333,0.583333333333333,0.583333333333333,0.583333333333333,0.75,0.0833333333333333,0.25,0.25,0.25,0.25,0.25,0.333333333333333,0.416666666666667,0.416666666666667,0.666666666666667,0.75,0.75,0.75,0.833333333333333,0.833333333333333,0.833333333333333,0.833333333333333,0.833333333333333
IMF,directional,rolling window,JPN,ngdp_rpch,0.5,0.930454497162427,0.410527791129686,0.280864597808201,0.239062108224541,0.0833333333333333,0.333333333333333,0.333333333333333,0.416666666666667,0.5,0.5,0.5,0.5,0.583333333333333,0.166666666666667,0.166666666666667,0.166666666666667,0.166666666666667,0.166666666666667,0.25,0.25,0.25,0.5,0.583333333333333,0.583333333333333,0.583333333333333,0.666666666666667,0.666666666666667,0.666666666666667,0.666666666666667,0.666666666666667,0.75
IMF,directional,rolling window,USA,ngdp_rpch,0.5,0.427977889185137,0.219831621373445,0.0580305078986497,0.150115759913042,0.166666666666667,0.333333333333333,0.416666666666667,0.5,0.5,0.583333333333333,0.75,0.75,0.833333333333333,0.0833333333333333,0.166666666666667,0.166666666666667,0.333333333333333,0.416666666666667,0.416666666666667,0.416666666666667,0.416666666666667,0.5,0.666666666666667,0.75,0.833333333333333,0.916666666666667,0.916666666666667,0.916666666666667,0.916666666666667,0.916666666666667,0.916666666666667
IMF,directional,rolling window,CAN,ngdp_rpch,1,0.81332086891196,0.376756078929953,0.0917782634294296,0.344786526552578,0.416666666666667,0.5,0.666666666666667,0.666666666666667,0.666666666666667,0.75,0.833333333333333,0.833333333333333,0.833333333333333,0.166666666666667,0.166666666666667,0.166666666666667,0.166666666666667,0.166666666666667,0.166666666666667,0.166666666666667,0.333333333333333,0.333333333333333,0.75,0.833333333333333,0.833333333333333,0.833333333333333,0.833333333333333,0.916666666666667,1,1,1
IMF,directional,rolling window,DEU,ngdp_rpch,1,1.32608179887727,0.294032940580808,0.604546872861884,0.427501985434576,0.166666666666667,0.25,0.25,0.25,0.25,0.416666666666667,0.5,0.583333333333333,0.666666666666667,0.0833333333333333,0.166666666666667,0.166666666666667,0.166666666666667,0.333333333333333,0.333333333333333,0.333333333333333,0.333333333333333,0.333333333333333,0.5,0.583333333333333,0.583333333333333,0.583333333333333,0.583333333333333,0.583333333333333,0.666666666666667,0.75,0.75
IMF,directional,rolling window,FRA,ngdp_rpch,1,0.608015475043621,0.288328955550976,0.0511995162387074,0.268487003253937,0,0.166666666666667,0.25,0.333333333333333,0.583333333333333,0.583333333333333,0.583333333333333,0.833333333333333,0.833333333333333,0.0833333333333333,0.0833333333333333,0.333333333333333,0.333333333333333,0.333333333333333,0.416666666666667,0.416666666666667,0.5,0.583333333333333,0.583333333333333,0.666666666666667,0.666666666666667,0.75,0.916666666666667,0.916666666666667,0.916666666666667,0.916666666666667,0.916666666666667
IMF,directional,rolling window,GBR,ngdp_rpch,1,0.862502972353404,0.236039623977727,0.0533423572063488,0.573120991169328,0,0.0833333333333333,0.25,0.416666666666667,0.416666666666667,0.5,0.583333333333333,0.75,0.833333333333333,0.166666666666667,0.25,0.416666666666667,0.416666666666667,0.5,0.5,0.5,0.583333333333333,0.583333333333333,0.583333333333333,0.666666666666667,0.75,0.916666666666667,0.916666666666667,0.916666666666667,1,1,1
IMF,directional,rolling window,ITA,ngdp_rpch,1,0.955673697179023,0.254813865112144,0.219668439210626,0.481191392856252,0,0.0833333333333333,0.0833333333333333,0.166666666666667,0.25,0.416666666666667,0.416666666666667,0.666666666666667,0.75,0.166666666666667,0.25,0.333333333333333,0.333333333333333,0.5,0.5,0.5,0.5,0.583333333333333,0.583333333333333,0.583333333333333,0.583333333333333,0.666666666666667,0.75,0.75,0.75,0.916666666666667,0.916666666666667
IMF,directional,rolling window,JPN,ngdp_rpch,1,1.41594747425435,0.341638539339745,0.489345371262775,0.584963563651833,0.0833333333333333,0.0833333333333333,0.0833333333333333,0.0833333333333333,0.416666666666667,0.416666666666667,0.5,0.583333333333333,0.666666666666667,0.0833333333333333,0.166666666666667,0.25,0.25,0.25,0.416666666666667,0.416666666666667,0.416666666666667,0.416666666666667,0.5,0.5,0.5,0.5,0.666666666666667,0.666666666666667,0.75,0.75,0.75
IMF,directional,rolling window,USA,ngdp_rpch,1,1.07295344560808,0.317722912084567,0.090862947697298,0.664367585826216,0.0833333333333333,0.166666666666667,0.333333333333333,0.333333333333333,0.333333333333333,0.333333333333333,0.416666666666667,0.666666666666667,0.833333333333333,0.166666666666667,0.333333333333333,0.5,0.5,0.5,0.5,0.5,0.666666666666667,0.75,0.833333333333333,0.833333333333333,0.833333333333333,0.833333333333333,0.833333333333333,0.833333333333333,0.916666666666667,1,1
IMF,directional,rolling window,CAN,ngdp_rpch,1.5,1.01745760514221,0.360336660023574,0.158065002835579,0.499055942283053,0.416666666666667,0.416666666666667,0.416666666666667,0.666666666666667,0.666666666666667,0.75,0.75,0.75,0.75,0.166666666666667,0.166666666666667,0.166666666666667,0.166666666666667,0.166666666666667,0.166666666666667,0.416666666666667,0.416666666666667,0.416666666666667,0.833333333333333,0.833333333333333,0.833333333333333,0.833333333333333,0.833333333333333,0.916666666666667,0.916666666666667,0.916666666666667,0.916666666666667
IMF,directional,rolling window,DEU,ngdp_rpch,1.5,1.65510986021172,0.335788801297936,0.759121611991958,0.560199446921826,0.0833333333333333,0.0833333333333333,0.166666666666667,0.25,0.333333333333333,0.333333333333333,0.333333333333333,0.333333333333333,0.583333333333333,0.0833333333333333,0.333333333333333,0.333333333333333,0.333333333333333,0.333333333333333,0.333333333333333,0.333333333333333,0.416666666666667,0.416666666666667,0.5,0.5,0.5,0.583333333333333,0.666666666666667,0.666666666666667,0.666666666666667,0.666666666666667,0.666666666666667
IMF,directional,rolling window,FRA,ngdp_rpch,1.5,0.797074164068597,0.280639539134209,0.118941501339463,0.397493123594924,0,0.166666666666667,0.25,0.333333333333333,0.416666666666667,0.5,0.666666666666667,0.666666666666667,0.75,0.166666666666667,0.25,0.25,0.25,0.333333333333333,0.416666666666667,0.416666666666667,0.5,0.583333333333333,0.583333333333333,0.666666666666667,0.666666666666667,0.75,0.75,0.75,0.916666666666667,0.916666666666667,0.916666666666667
IMF,directional,rolling window,GBR,ngdp_rpch,1.5,1.19782986699968,0.211884628295014,0.182776102588929,0.803169136115739,0,0,0.0833333333333333,0.166666666666667,0.333333333333333,0.416666666666667,0.5,0.583333333333333,0.75,0.166666666666667,0.25,0.333333333333333,0.416666666666667,0.416666666666667,0.5,0.583333333333333,0.583333333333333,0.583333333333333,0.583333333333333,0.583333333333333,0.666666666666667,0.666666666666667,0.75,0.833333333333333,0.833333333333333,0.833333333333333,0.916666666666667
IMF,directional,rolling window,ITA,ngdp_rpch,1.5,1.15181289754942,0.238484484356521,0.305527992546983,0.607800420645919,0,0.0833333333333333,0.0833333333333333,0.166666666666667,0.25,0.416666666666667,0.416666666666667,0.583333333333333,0.75,0.166666666666667,0.333333333333333,0.416666666666667,0.416666666666667,0.416666666666667,0.416666666666667,0.5,0.5,0.5,0.5,0.583333333333333,0.583333333333333,0.583333333333333,0.666666666666667,0.833333333333333,0.833333333333333,0.916666666666667,0.916666666666667
IMF,directional,rolling window,JPN,ngdp_rpch,1.5,1.78213396490458,0.468544654039136,0.741533540396559,0.572055770468887,0.0833333333333333,0.25,0.333333333333333,0.333333333333333,0.416666666666667,0.416666666666667,0.416666666666667,0.5,0.666666666666667,0.0833333333333333,0.25,0.25,0.25,0.25,0.25,0.25,0.333333333333333,0.333333333333333,0.416666666666667,0.583333333333333,0.583333333333333,0.583333333333333,0.666666666666667,0.666666666666667,0.666666666666667,0.75,0.75
IMF,directional,rolling window,USA,ngdp_rpch,1.5,1.26781873014811,0.380126069338737,0.180147721251016,0.707544939558357,0.0833333333333333,0.166666666666667,0.166666666666667,0.333333333333333,0.416666666666667,0.416666666666667,0.416666666666667,0.416666666666667,0.666666666666667,0.25,0.5,0.5,0.5,0.5,0.583333333333333,0.666666666666667,0.666666666666667,0.75,0.833333333333333,0.833333333333333,0.833333333333333,0.916666666666667,0.916666666666667,0.916666666666667,0.916666666666667,0.916666666666667,0.916666666666667
IMF,directional,rolling window,CAN,pcpi_pch,0,0.148907787349205,0.0595970321009383,0.0412343630152524,0.048076392233014,0,0.333333333333333,0.5,0.5,0.583333333333333,0.75,0.75,0.75,0.833333333333333,0.0833333333333333,0.166666666666667,0.166666666666667,0.166666666666667,0.25,0.333333333333333,0.333333333333333,0.416666666666667,0.5,0.5,0.75,0.833333333333333,0.833333333333333,0.833333333333333,0.916666666666667,0.916666666666667,0.916666666666667,0.916666666666667
IMF,directional,rolling window,DEU,pcpi_pch,0,0.107384747175198,0.054557838230732,0.0358296140706016,0.0169972948738647,0.166666666666667,0.166666666666667,0.333333333333333,0.416666666666667,0.5,0.583333333333333,0.583333333333333,0.833333333333333,1,0,0.0833333333333333,0.25,0.25,0.25,0.25,0.25,0.333333333333333,0.333333333333333,0.5,0.5,0.583333333333333,0.666666666666667,0.75,0.833333333333333,0.833333333333333,0.916666666666667,1
IMF,directional,rolling window,FRA,pcpi_pch,0,0.122249100460159,0.045293649977208,0.0445826507169416,0.0323727997660097,0.25,0.25,0.333333333333333,0.416666666666667,0.5,0.5,0.583333333333333,0.666666666666667,0.916666666666667,0,0.0833333333333333,0.166666666666667,0.25,0.25,0.25,0.25,0.333333333333333,0.333333333333333,0.583333333333333,0.583333333333333,0.583333333333333,0.666666666666667,0.75,0.75,0.75,0.75,0.916666666666667
IMF,directional,rolling window,GBR,pcpi_pch,0,0.231055590282088,0.0502718649575712,0.0504858182877381,0.130297907036779,0,0.166666666666667,0.166666666666667,0.333333333333333,0.416666666666667,0.5,0.583333333333333,0.583333333333333,0.833333333333333,0.0833333333333333,0.166666666666667,0.166666666666667,0.25,0.333333333333333,0.333333333333333,0.416666666666667,0.416666666666667,0.5,0.5,0.583333333333333,0.583333333333333,0.666666666666667,0.75,0.75,0.75,0.75,0.916666666666667
IMF,directional,rolling window,ITA,pcpi_pch,0,0.081290759191308,0.0331452875894331,0.0374078566547858,0.0107376149470891,0,0.166666666666667,0.25,0.416666666666667,0.416666666666667,0.583333333333333,0.666666666666667,0.666666666666667,0.666666666666667,0.0833333333333333,0.0833333333333333,0.0833333333333333,0.0833333333333333,0.166666666666667,0.166666666666667,0.25,0.25,0.416666666666667,0.416666666666667,0.416666666666667,0.5,0.583333333333333,0.583333333333333,0.666666666666667,0.75,0.75,0.75
IMF,directional,rolling window,JPN,pcpi_pch,0,0.107840894031319,0.0336784644688508,0.0310998554940109,0.0430625740684575,0,0.0833333333333333,0.166666666666667,0.333333333333333,0.5,0.5,0.5,0.583333333333333,0.833333333333333,0,0.166666666666667,0.25,0.25,0.25,0.333333333333333,0.5,0.583333333333333,0.666666666666667,0.666666666666667,0.666666666666667,0.666666666666667,0.666666666666667,0.75,0.75,0.75,0.75,0.833333333333333
IMF,directional,rolling window,USA,pcpi_pch,0,0.162407387557848,0.0488116394531745,0.0434444390489107,0.0701513090557624,0,0.0833333333333333,0.166666666666667,0.166666666666667,0.166666666666667,0.25,0.333333333333333,0.416666666666667,0.5,0.333333333333333,0.333333333333333,0.333333333333333,0.333333333333333,0.333333333333333,0.333333333333333,0.333333333333333,0.333333333333333,0.333333333333333,0.333333333333333,0.416666666666667,0.5,0.5,0.5,0.583333333333333,0.666666666666667,0.75,0.833333333333333
IMF,directional,rolling window,CAN,pcpi_pch,0.5,0.351565595489924,0.127082105374866,0.148278286019142,0.0762052040959151,0.166666666666667,0.25,0.25,0.25,0.5,0.5,0.666666666666667,0.75,0.833333333333333,0.0833333333333333,0.0833333333333333,0.166666666666667,0.25,0.25,0.333333333333333,0.333333333333333,0.333333333333333,0.416666666666667,0.583333333333333,0.583333333333333,0.583333333333333,0.583333333333333,0.75,0.75,0.833333333333333,0.833333333333333,0.916666666666667
IMF,directional,rolling window,DEU,pcpi_pch,0.5,0.17636244653797,0.0885126729622819,0.0787446472677059,0.00910512630798238,0.166666666666667,0.333333333333333,0.5,0.583333333333333,0.75,0.75,0.916666666666667,0.916666666666667,0.916666666666667,0,0,0,0.0833333333333333,0.0833333333333333,0.166666666666667,0.166666666666667,0.25,0.333333333333333,0.5,0.583333333333333,0.666666666666667,0.75,0.833333333333333,0.833333333333333,0.916666666666667,0.916666666666667,0.916666666666667
IMF,directional,rolling window,FRA,pcpi_pch,0.5,0.223392643478126,0.0876759644602692,0.0899885262140384,0.0457281528038189,0,0.0833333333333333,0.25,0.333333333333333,0.333333333333333,0.583333333333333,0.583333333333333,0.666666666666667,0.833333333333333,0,0.0833333333333333,0.0833333333333333,0.0833333333333333,0.25,0.25,0.333333333333333,0.333333333333333,0.333333333333333,0.333333333333333,0.416666666666667,0.583333333333333,0.583333333333333,0.583333333333333,0.666666666666667,0.666666666666667,0.75,0.833333333333333
IMF,directional,rolling window,GBR,pcpi_pch,0.5,0.402955390552248,0.100769453319682,0.193542370179349,0.108643567053218,0,0.25,0.25,0.25,0.416666666666667,0.5,0.5,0.583333333333333,0.666666666666667,0.0833333333333333,0.0833333333333333,0.0833333333333333,0.0833333333333333,0.166666666666667,0.25,0.25,0.25,0.333333333333333,0.333333333333333,0.5,0.5,0.5,0.583333333333333,0.583333333333333,0.583333333333333,0.666666666666667,0.75
IMF,directional,rolling window,ITA,pcpi_pch,0.5,0.276789281670451,0.0931907783147154,0.149379049690156,0.0342194536655802,0.0833333333333333,0.0833333333333333,0.166666666666667,0.166666666666667,0.25,0.333333333333333,0.416666666666667,0.666666666666667,0.666666666666667,0,0,0,0.0833333333333333,0.166666666666667,0.25,0.25,0.333333333333333,0.333333333333333,0.416666666666667,0.416666666666667,0.416666666666667,0.416666666666667,0.416666666666667,0.416666666666667,0.416666666666667,0.666666666666667,0.666666666666667
IMF,directional,rolling window,JPN,pcpi_pch,0.5,0.284396200084494,0.0939354340625489,0.152722230310473,0.0377385357114726,0.0833333333333333,0.0833333333333333,0.166666666666667,0.166666666666667,0.25,0.333333333333333,0.333333333333333,0.5,0.75,0,0.166666666666667,0.25,0.25,0.333333333333333,0.333333333333333,0.333333333333333,0.333333333333333,0.333333333333333,0.416666666666667,0.416666666666667,0.5,0.5,0.583333333333333,0.583333333333333,0.583333333333333,0.666666666666667,0.75
IMF,directional,rolling window,USA,pcpi_pch,0.5,0.315822531889078,0.094579711867627,0.157078233242011,0.0641645867794402,0.0833333333333333,0.0833333333333333,0.0833333333333333,0.25,0.25,0.416666666666667,0.416666666666667,0.5,0.666666666666667,0.0833333333333333,0.166666666666667,0.166666666666667,0.166666666666667,0.166666666666667,0.166666666666667,0.25,0.25,0.25,0.333333333333333,0.333333333333333,0.333333333333333,0.416666666666667,0.416666666666667,0.583333333333333,0.583333333333333,0.666666666666667,0.75
IMF,directional,rolling window,CAN,pcpi_pch,1,0.4805089452793,0.123955504990767,0.180380320237795,0.176173120050737,0,0,0.0833333333333333,0.166666666666667,0.25,0.416666666666667,0.583333333333333,0.583333333333333,0.75,0.0833333333333333,0.166666666666667,0.166666666666667,0.166666666666667,0.25,0.25,0.25,0.25,0.25,0.25,0.25,0.333333333333333,0.416666666666667,0.5,0.583333333333333,0.75,0.75,0.833333333333333
IMF,directional,rolling window,DEU,pcpi_pch,1,0.432394303928406,0.184064892407652,0.171769020185417,0.0765603913353377,0.0833333333333333,0.25,0.25,0.25,0.333333333333333,0.416666666666667,0.666666666666667,0.75,1,0,0.0833333333333333,0.0833333333333333,0.166666666666667,0.166666666666667,0.166666666666667,0.166666666666667,0.166666666666667,0.25,0.333333333333333,0.416666666666667,0.416666666666667,0.416666666666667,0.5,0.583333333333333,0.75,0.833333333333333,1
IMF,directional,rolling window,FRA,pcpi_pch,1,0.584124414822444,0.182912706787317,0.303948120286698,0.0972635877484299,0.333333333333333,0.333333333333333,0.333333333333333,0.333333333333333,0.416666666666667,0.5,0.5,0.5,0.583333333333333,0.0833333333333333,0.0833333333333333,0.0833333333333333,0.0833333333333333,0.0833333333333333,0.166666666666667,0.166666666666667,0.166666666666667,0.166666666666667,0.5,0.5,0.5,0.5,0.5,0.583333333333333,0.583333333333333,0.583333333333333,0.666666666666667
IMF,directional,rolling window,GBR,pcpi_pch,1,0.709655442305699,0.0994632643544605,0.482032263877233,0.128159914074006,0,0,0.166666666666667,0.166666666666667,0.25,0.25,0.333333333333333,0.333333333333333,0.583333333333333,0.0833333333333333,0.25,0.25,0.25,0.25,0.25,0.25,0.416666666666667,0.416666666666667,0.416666666666667,0.416666666666667,0.416666666666667,0.416666666666667,0.5,0.5,0.583333333333333,0.583333333333333,0.666666666666667
IMF,directional,rolling window,ITA,pcpi_pch,1,0.581911745036227,0.198505401768457,0.292841802495072,0.0905645407726979,0.166666666666667,0.25,0.333333333333333,0.416666666666667,0.416666666666667,0.416666666666667,0.416666666666667,0.583333333333333,0.75,0.0833333333333333,0.0833333333333333,0.0833333333333333,0.0833333333333333,0.0833333333333333,0.0833333333333333,0.166666666666667,0.166666666666667,0.166666666666667,0.333333333333333,0.416666666666667,0.5,0.5,0.5,0.5,0.5,0.666666666666667,0.833333333333333
IMF,directional,rolling window,JPN,pcpi_pch,1,0.526616618583637,0.160282194494488,0.14227386112991,0.224060562959238,0.0833333333333333,0.25,0.25,0.333333333333333,0.333333333333333,0.333333333333333,0.416666666666667,0.5,0.666666666666667,0.166666666666667,0.166666666666667,0.25,0.25,0.25,0.25,0.333333333333333,0.333333333333333,0.416666666666667,0.5,0.583333333333333,0.583333333333333,0.583333333333333,0.583333333333333,0.583333333333333,0.666666666666667,0.666666666666667,0.833333333333333
IMF,directional,rolling window,USA,pcpi_pch,1,0.724635997594698,0.127487173487728,0.434636365293582,0.162512458813389,0,0,0.0833333333333333,0.0833333333333333,0.166666666666667,0.333333333333333,0.5,0.5,0.583333333333333,0.0833333333333333,0.0833333333333333,0.0833333333333333,0.0833333333333333,0.166666666666667,0.25,0.25,0.25,0.25,0.25,0.25,0.333333333333333,0.333333333333333,0.333333333333333,0.416666666666667,0.583333333333333,0.583333333333333,0.666666666666667
IMF,directional,rolling window,CAN,pcpi_pch,1.5,0.52688096625587,0.141286081294516,0.224620215041345,0.160974669920009,0.166666666666667,0.166666666666667,0.25,0.25,0.416666666666667,0.5,0.5,0.5,0.666666666666667,0.0833333333333333,0.166666666666667,0.166666666666667,0.166666666666667,0.166666666666667,0.166666666666667,0.166666666666667,0.166666666666667,0.166666666666667,0.333333333333333,0.333333333333333,0.416666666666667,0.416666666666667,0.583333333333333,0.666666666666667,0.666666666666667,0.666666666666667,0.75
IMF,directional,rolling window,DEU,pcpi_pch,1.5,0.540818000272695,0.251981270935338,0.191798372083566,0.0970383572537914,0,0.0833333333333333,0.25,0.333333333333333,0.416666666666667,0.5,0.5,0.583333333333333,0.666666666666667,0.0833333333333333,0.0833333333333333,0.0833333333333333,0.0833333333333333,0.0833333333333333,0.0833333333333333,0.166666666666667,0.333333333333333,0.416666666666667,0.416666666666667,0.416666666666667,0.416666666666667,0.416666666666667,0.5,0.583333333333333,0.583333333333333,0.666666666666667,0.75
IMF,directional,rolling window,FRA,pcpi_pch,1.5,0.55221274412988,0.176177821563984,0.278775218891222,0.0972597036746733,0.0833333333333333,0.166666666666667,0.25,0.416666666666667,0.5,0.5,0.5,0.5,0.583333333333333,0.0833333333333333,0.0833333333333333,0.0833333333333333,0.0833333333333333,0.0833333333333333,0.0833333333333333,0.166666666666667,0.25,0.25,0.333333333333333,0.416666666666667,0.416666666666667,0.5,0.583333333333333,0.583333333333333,0.583333333333333,0.583333333333333,0.666666666666667
IMF,directional,rolling window,GBR,pcpi_pch,1.5,0.882319834831187,0.120057293920435,0.62434077774766,0.137921763163092,0,0.166666666666667,0.166666666666667,0.166666666666667,0.166666666666667,0.25,0.333333333333333,0.333333333333333,0.416666666666667,0.0833333333333333,0.166666666666667,0.166666666666667,0.166666666666667,0.25,0.25,0.25,0.25,0.333333333333333,0.333333333333333,0.416666666666667,0.416666666666667,0.416666666666667,0.416666666666667,0.416666666666667,0.5,0.5,0.5
IMF,directional,rolling window,ITA,pcpi_pch,1.5,0.552666191926402,0.235028421682433,0.226748608904143,0.0908891613398263,0.166666666666667,0.25,0.25,0.416666666666667,0.416666666666667,0.5,0.75,0.833333333333333,0.916666666666667,0,0.0833333333333333,0.0833333333333333,0.0833333333333333,0.0833333333333333,0.0833333333333333,0.166666666666667,0.166666666666667,0.166666666666667,0.333333333333333,0.416666666666667,0.416666666666667,0.5,0.5,0.583333333333333,0.833333333333333,0.916666666666667,0.916666666666667
IMF,directional,rolling window,JPN,pcpi_pch,1.5,0.598087402104781,0.134439591459708,0.246927606241113,0.21672020440396,0,0.0833333333333333,0.25,0.333333333333333,0.416666666666667,0.5,0.5,0.666666666666667,0.666666666666667,0.166666666666667,0.166666666666667,0.166666666666667,0.166666666666667,0.166666666666667,0.25,0.25,0.333333333333333,0.333333333333333,0.333333333333333,0.416666666666667,0.5,0.583333333333333,0.583333333333333,0.666666666666667,0.666666666666667,0.833333333333333,0.833333333333333
IMF,directional,rolling window,USA,pcpi_pch,1.5,0.747943696430512,0.149269083666112,0.43999335017301,0.15868126259139,0.0833333333333333,0.0833333333333333,0.0833333333333333,0.333333333333333,0.333333333333333,0.333333333333333,0.333333333333333,0.333333333333333,0.416666666666667,0.0833333333333333,0.0833333333333333,0.0833333333333333,0.0833333333333333,0.0833333333333333,0.0833333333333333,0.166666666666667,0.166666666666667,0.166666666666667,0.25,0.25,0.25,0.416666666666667,0.416666666666667,0.416666666666667,0.416666666666667,0.416666666666667,0.5
ar,directional,rolling window,CAN,ngdp_rpch,0,0.353529950380334,0.0911469566955611,0.181190336572585,0.0811926571121876,0.0833333333333333,0.25,0.25,0.25,0.333333333333333,0.333333333333333,0.416666666666667,0.583333333333333,0.583333333333333,0.0833333333333333,0.0833333333333333,0.166666666666667,0.166666666666667,0.166666666666667,0.166666666666667,0.166666666666667,0.166666666666667,0.25,0.333333333333333,0.416666666666667,0.416666666666667,0.416666666666667,0.5,0.5,0.583333333333333,0.666666666666667,0.666666666666667
ar,directional,rolling window,DEU,ngdp_rpch,0,0.457350933966013,0.125136162294784,0.111768548299766,0.220446223371462,0.0833333333333333,0.166666666666667,0.25,0.25,0.333333333333333,0.416666666666667,0.5,0.583333333333333,0.833333333333333,0,0.25,0.25,0.333333333333333,0.416666666666667,0.5,0.5,0.5,0.5,0.583333333333333,0.666666666666667,0.75,0.75,0.75,0.75,0.75,0.833333333333333,0.833333333333333
ar,directional,rolling window,FRA,ngdp_rpch,0,0.163418104050824,0.0595636386258495,0.0484056360609143,0.0554488293640598,0.0833333333333333,0.25,0.416666666666667,0.416666666666667,0.416666666666667,0.5,0.666666666666667,0.666666666666667,0.833333333333333,0.0833333333333333,0.25,0.25,0.416666666666667,0.5,0.5,0.5,0.583333333333333,0.666666666666667,0.75,0.833333333333333,0.916666666666667,0.916666666666667,0.916666666666667,0.916666666666667,0.916666666666667,0.916666666666667,0.916666666666667
ar,directional,rolling window,GBR,ngdp_rpch,0,0.49696878322063,0.194051983340805,0.208181435081211,0.094735364798615,0.166666666666667,0.25,0.25,0.333333333333333,0.5,0.5,0.5,0.583333333333333,0.833333333333333,0.0833333333333333,0.166666666666667,0.166666666666667,0.166666666666667,0.166666666666667,0.25,0.333333333333333,0.333333333333333,0.416666666666667,0.583333333333333,0.583333333333333,0.583333333333333,0.583333333333333,0.666666666666667,0.666666666666667,0.666666666666667,0.75,0.916666666666667
ar,directional,rolling window,ITA,ngdp_rpch,0,0.295281629645572,0.0905053614009795,0.0722856554513276,0.132490612793265,0.166666666666667,0.25,0.25,0.25,0.333333333333333,0.416666666666667,0.416666666666667,0.583333333333333,0.666666666666667,0.0833333333333333,0.0833333333333333,0.166666666666667,0.166666666666667,0.25,0.333333333333333,0.333333333333333,0.333333333333333,0.333333333333333,0.5,0.583333333333333,0.583333333333333,0.583333333333333,0.583333333333333,0.583333333333333,0.583333333333333,0.666666666666667,0.75
ar,directional,rolling window,JPN,ngdp_rpch,0,0.542401565520363,0.21106438000341,0.20531354476197,0.126023640754982,0,0.0833333333333333,0.166666666666667,0.166666666666667,0.333333333333333,0.333333333333333,0.583333333333333,0.666666666666667,0.75,0.0833333333333333,0.0833333333333333,0.166666666666667,0.166666666666667,0.166666666666667,0.25,0.25,0.333333333333333,0.333333333333333,0.333333333333333,0.416666666666667,0.416666666666667,0.416666666666667,0.5,0.5,0.75,0.75,0.833333333333333
ar,directional,rolling window,USA,ngdp_rpch,0,0.256792573222885,0.124865582605035,0.126229837164404,0.0056971534534463,0.166666666666667,0.25,0.333333333333333,0.333333333333333,0.5,0.666666666666667,0.75,0.916666666666667,0.916666666666667,0,0,0,0,0,0.0833333333333333,0.0833333333333333,0.166666666666667,0.166666666666667,0.333333333333333,0.416666666666667,0.416666666666667,0.416666666666667,0.5,0.666666666666667,0.75,0.916666666666667,0.916666666666667
ar,directional,rolling window,CAN,ngdp_rpch,0.5,0.353928001502647,0.16303812554521,0.123402412214149,0.0674874637432873,0,0.166666666666667,0.25,0.25,0.333333333333333,0.5,0.75,0.833333333333333,0.833333333333333,0,0,0.0833333333333333,0.166666666666667,0.25,0.333333333333333,0.333333333333333,0.416666666666667,0.5,0.5,0.583333333333333,0.583333333333333,0.583333333333333,0.583333333333333,0.666666666666667,0.833333333333333,0.833333333333333,0.833333333333333
ar,directional,rolling window,DEU,ngdp_rpch,0.5,0.608308332228774,0.167084730026673,0.194923913960731,0.246299688241369,0.0833333333333333,0.0833333333333333,0.166666666666667,0.416666666666667,0.416666666666667,0.416666666666667,0.583333333333333,0.583333333333333,0.833333333333333,0,0.25,0.25,0.25,0.25,0.25,0.416666666666667,0.416666666666667,0.416666666666667,0.5,0.5,0.583333333333333,0.666666666666667,0.666666666666667,0.666666666666667,0.833333333333333,0.833333333333333,0.833333333333333
ar,directional,rolling window,FRA,ngdp_rpch,0.5,0.288498835797711,0.103518148743746,0.00373278742701352,0.181247899626952,0,0.166666666666667,0.25,0.416666666666667,0.5,0.5,0.666666666666667,0.666666666666667,0.916666666666667,0.0833333333333333,0.333333333333333,0.333333333333333,0.5,0.5,0.5,0.666666666666667,0.666666666666667,0.75,0.75,0.833333333333333,0.916666666666667,0.916666666666667,1,1,1,1,1
ar,directional,rolling window,GBR,ngdp_rpch,0.5,0.485397810233499,0.170353833804157,0.134889248669776,0.180154727759566,0.0833333333333333,0.166666666666667,0.333333333333333,0.333333333333333,0.416666666666667,0.416666666666667,0.5,0.583333333333333,0.666666666666667,0.166666666666667,0.166666666666667,0.166666666666667,0.25,0.25,0.333333333333333,0.333333333333333,0.5,0.583333333333333,0.666666666666667,0.666666666666667,0.666666666666667,0.666666666666667,0.666666666666667,0.666666666666667,0.666666666666667,0.75,0.833333333333333
ar,directional,rolling window,ITA,ngdp_rpch,0.5,0.567356344109321,0.126949586833944,0.146489288474702,0.293917468800675,0,0.0833333333333333,0.25,0.333333333333333,0.5,0.583333333333333,0.583333333333333,0.583333333333333,0.666666666666667,0.166666666666667,0.25,0.25,0.25,0.25,0.333333333333333,0.333333333333333,0.333333333333333,0.333333333333333,0.333333333333333,0.416666666666667,0.583333333333333,0.666666666666667,0.75,0.833333333333333,0.833333333333333,0.833333333333333,0.833333333333333
ar,directional,rolling window,JPN,ngdp_rpch,0.5,1.19281194518592,0.364372278337855,0.625067575782863,0.203372091065204,0,0,0.0833333333333333,0.25,0.5,0.583333333333333,0.583333333333333,0.666666666666667,0.666666666666667,0.0833333333333333,0.0833333333333333,0.166666666666667,0.166666666666667,0.166666666666667,0.25,0.333333333333333,0.416666666666667,0.416666666666667,0.416666666666667,0.416666666666667,0.416666666666667,0.5,0.666666666666667,0.75,0.75,0.75,0.75
ar,directional,rolling window,USA,ngdp_rpch,0.5,0.412733745370223,0.169840346533527,0.0845583990464163,0.15833499979028,0.0833333333333333,0.166666666666667,0.25,0.416666666666667,0.416666666666667,0.5,0.583333333333333,0.666666666666667,0.916666666666667,0,0.166666666666667,0.25,0.333333333333333,0.333333333333333,0.333333333333333,0.416666666666667,0.5,0.5,0.583333333333333,0.666666666666667,0.666666666666667,0.75,0.75,0.833333333333333,0.833333333333333,0.833333333333333,0.916666666666667
ar,directional,rolling window,CAN,ngdp_rpch,1,1.04408275822289,0.346289641739927,0.0941279677934874,0.603665148689478,0.0833333333333333,0.25,0.416666666666667,0.5,0.5,0.583333333333333,0.583333333333333,0.75,0.833333333333333,0.166666666666667,0.166666666666667,0.25,0.25,0.333333333333333,0.333333333333333,0.416666666666667,0.583333333333333,0.583333333333333,0.666666666666667,0.833333333333333,0.833333333333333,0.833333333333333,0.833333333333333,0.833333333333333,0.833333333333333,0.916666666666667,1
ar,directional,rolling window,DEU,ngdp_rpch,1,1.07661521949509,0.208113806112793,0.288126200294656,0.580375213087639,0,0.0833333333333333,0.25,0.333333333333333,0.333333333333333,0.416666666666667,0.5,0.666666666666667,0.75,0.0833333333333333,0.0833333333333333,0.166666666666667,0.25,0.333333333333333,0.333333333333333,0.416666666666667,0.583333333333333,0.666666666666667,0.666666666666667,0.666666666666667,0.666666666666667,0.666666666666667,0.666666666666667,0.666666666666667,0.666666666666667,0.75,0.833333333333333
ar,directional,rolling window,FRA,ngdp_rpch,1,0.739790810978704,0.261752022851847,0.00594879632803806,0.472089991798819,0.166666666666667,0.333333333333333,0.416666666666667,0.5,0.583333333333333,0.666666666666667,0.666666666666667,0.75,0.833333333333333,0.166666666666667,0.25,0.333333333333333,0.333333333333333,0.416666666666667,0.5,0.5,0.583333333333333,0.583333333333333,0.75,0.916666666666667,0.916666666666667,1,1,1,1,1,1
ar,directional,rolling window,GBR,ngdp_rpch,1,0.993314750391182,0.132155141002472,0.10052587392602,0.760633735462689,0,0.0833333333333333,0.166666666666667,0.166666666666667,0.25,0.416666666666667,0.416666666666667,0.583333333333333,0.75,0.166666666666667,0.333333333333333,0.416666666666667,0.416666666666667,0.583333333333333,0.583333333333333,0.583333333333333,0.666666666666667,0.75,0.75,0.75,0.75,0.75,0.833333333333333,0.833333333333333,0.833333333333333,0.916666666666667,0.916666666666667
ar,directional,rolling window,ITA,ngdp_rpch,1,0.846516355678815,0.212786022783569,0.0285402486711413,0.605190084224104,0.0833333333333333,0.333333333333333,0.333333333333333,0.416666666666667,0.5,0.666666666666667,0.666666666666667,0.75,0.833333333333333,0.166666666666667,0.25,0.25,0.25,0.416666666666667,0.416666666666667,0.5,0.5,0.5,0.583333333333333,0.833333333333333,0.833333333333333,0.833333333333333,0.916666666666667,0.916666666666667,0.916666666666667,1,1
ar,directional,rolling window,JPN,ngdp_rpch,1,1.50329982660107,0.314555387154631,0.679189571297214,0.509554868149226,0,0,0,0.166666666666667,0.25,0.333333333333333,0.333333333333333,0.333333333333333,0.333333333333333,0.166666666666667,0.166666666666667,0.166666666666667,0.166666666666667,0.25,0.333333333333333,0.416666666666667,0.416666666666667,0.416666666666667,0.416666666666667,0.416666666666667,0.416666666666667,0.5,0.5,0.5,0.5,0.5,0.5
ar,directional,rolling window,USA,ngdp_rpch,1,1.01371821094673,0.180994688277986,0.0526099674386995,0.780113555230047,0,0,0.333333333333333,0.333333333333333,0.416666666666667,0.5,0.583333333333333,0.583333333333333,0.666666666666667,0.25,0.25,0.25,0.333333333333333,0.416666666666667,0.5,0.5,0.583333333333333,0.583333333333333,0.583333333333333,0.583333333333333,0.833333333333333,0.833333333333333,0.833333333333333,0.833333333333333,0.833333333333333,0.833333333333333,0.916666666666667
ar,directional,rolling window,CAN,ngdp_rpch,1.5,0.985767588280997,0.312732110768956,0.0694150547664751,0.603620422745566,0.166666666666667,0.25,0.583333333333333,0.666666666666667,0.666666666666667,0.75,0.75,0.833333333333333,0.833333333333333,0.166666666666667,0.166666666666667,0.166666666666667,0.166666666666667,0.25,0.25,0.333333333333333,0.666666666666667,0.666666666666667,0.833333333333333,0.916666666666667,0.916666666666667,0.916666666666667,0.916666666666667,0.916666666666667,0.916666666666667,1,1
ar,directional,rolling window,DEU,ngdp_rpch,1.5,1.30091985833821,0.263305229909026,0.394890284584498,0.642724343844686,0.0833333333333333,0.166666666666667,0.333333333333333,0.333333333333333,0.333333333333333,0.333333333333333,0.333333333333333,0.416666666666667,0.583333333333333,0.0833333333333333,0.25,0.333333333333333,0.333333333333333,0.333333333333333,0.333333333333333,0.333333333333333,0.416666666666667,0.5,0.583333333333333,0.583333333333333,0.666666666666667,0.666666666666667,0.666666666666667,0.666666666666667,0.666666666666667,0.666666666666667,0.666666666666667
ar,directional,rolling window,FRA,ngdp_rpch,1.5,0.783276633007831,0.24539761432739,0.00786425895277009,0.530014759727671,0.166666666666667,0.333333333333333,0.416666666666667,0.416666666666667,0.666666666666667,0.666666666666667,0.666666666666667,0.666666666666667,0.833333333333333,0.166666666666667,0.333333333333333,0.333333333333333,0.333333333333333,0.333333333333333,0.5,0.5,0.583333333333333,0.666666666666667,0.833333333333333,0.916666666666667,0.916666666666667,0.916666666666667,1,1,1,1,1
ar,directional,rolling window,GBR,ngdp_rpch,1.5,1.15569033491533,0.186208725992881,0.0614201508661259,0.908061458056325,0.0833333333333333,0.0833333333333333,0.0833333333333333,0.166666666666667,0.166666666666667,0.416666666666667,0.5,0.583333333333333,0.75,0.25,0.416666666666667,0.5,0.5,0.666666666666667,0.666666666666667,0.666666666666667,0.666666666666667,0.666666666666667,0.75,0.75,0.75,0.833333333333333,0.833333333333333,0.916666666666667,1,1,1
ar,directional,rolling window,ITA,ngdp_rpch,1.5,1.16267859813474,0.234716233626382,0.113134825284726,0.814827539223635,0.0833333333333333,0.166666666666667,0.166666666666667,0.166666666666667,0.166666666666667,0.25,0.416666666666667,0.583333333333333,0.833333333333333,0.166666666666667,0.333333333333333,0.5,0.5,0.5,0.5,0.5,0.5,0.5,0.583333333333333,0.666666666666667,0.666666666666667,0.666666666666667,0.666666666666667,0.75,0.916666666666667,0.916666666666667,1
ar,directional,rolling window,JPN,ngdp_rpch,1.5,1.81904120049996,0.421146947527318,0.955133906929684,0.442760346042955,0.0833333333333333,0.0833333333333333,0.0833333333333333,0.166666666666667,0.25,0.416666666666667,0.5,0.583333333333333,0.666666666666667,0.0833333333333333,0.0833333333333333,0.0833333333333333,0.166666666666667,0.25,0.333333333333333,0.333333333333333,0.333333333333333,0.333333333333333,0.416666666666667,0.416666666666667,0.416666666666667,0.5,0.5,0.583333333333333,0.583333333333333,0.666666666666667,0.75
ar,directional,rolling window,USA,ngdp_rpch,1.5,1.19744563955257,0.312498448744604,0.035093062550331,0.849854128257638,0.166666666666667,0.166666666666667,0.25,0.416666666666667,0.5,0.5,0.583333333333333,0.583333333333333,0.75,0.166666666666667,0.333333333333333,0.333333333333333,0.416666666666667,0.416666666666667,0.5,0.583333333333333,0.583333333333333,0.583333333333333,0.75,0.75,0.833333333333333,0.916666666666667,0.916666666666667,0.916666666666667,0.916666666666667,0.916666666666667,0.916666666666667
ar,directional,rolling window,CAN,pcpi_pch,0,0.0855331205490017,0.0249460402691026,0.010778074485278,0.049809005794621,0,0,0.166666666666667,0.416666666666667,0.583333333333333,0.583333333333333,0.666666666666667,0.75,0.916666666666667,0.0833333333333333,0.0833333333333333,0.166666666666667,0.166666666666667,0.166666666666667,0.25,0.416666666666667,0.5,0.5,0.5,0.5,0.583333333333333,0.666666666666667,0.75,0.75,0.833333333333333,0.833333333333333,1
ar,directional,rolling window,DEU,pcpi_pch,0,0.128923786046781,0.0581141666963868,0.0580411280349164,0.012768491315478,0.0833333333333333,0.0833333333333333,0.25,0.333333333333333,0.583333333333333,0.666666666666667,0.75,0.916666666666667,1,0,0,0.0833333333333333,0.0833333333333333,0.166666666666667,0.25,0.25,0.333333333333333,0.333333333333333,0.416666666666667,0.416666666666667,0.5,0.583333333333333,0.75,0.75,0.833333333333333,0.916666666666667,1
ar,directional,rolling window,FRA,pcpi_pch,0,0.0684516104988409,0.0179810752111042,0.0471995049518063,0.00327103033593045,0.0833333333333333,0.166666666666667,0.166666666666667,0.25,0.333333333333333,0.333333333333333,0.416666666666667,0.583333333333333,0.583333333333333,0,0,0.0833333333333333,0.0833333333333333,0.0833333333333333,0.0833333333333333,0.0833333333333333,0.0833333333333333,0.166666666666667,0.25,0.25,0.25,0.333333333333333,0.416666666666667,0.416666666666667,0.5,0.583333333333333,0.583333333333333
ar,directional,rolling window,GBR,pcpi_pch,0,0.263598414599633,0.111854124746868,0.0703228647300503,0.0814214251227147,0.0833333333333333,0.25,0.25,0.333333333333333,0.333333333333333,0.333333333333333,0.5,0.5,0.583333333333333,0.333333333333333,0.416666666666667,0.416666666666667,0.416666666666667,0.416666666666667,0.416666666666667,0.416666666666667,0.416666666666667,0.5,0.583333333333333,0.666666666666667,0.666666666666667,0.75,0.75,0.75,0.916666666666667,0.916666666666667,0.916666666666667
ar,directional,rolling window,ITA,pcpi_pch,0,0.0936244202450375,0.0395097148504162,0.0385761492142888,0.0155385561803325,0.0833333333333333,0.166666666666667,0.25,0.333333333333333,0.416666666666667,0.5,0.666666666666667,0.75,0.833333333333333,0,0,0,0.166666666666667,0.166666666666667,0.25,0.25,0.333333333333333,0.333333333333333,0.416666666666667,0.5,0.5,0.583333333333333,0.583333333333333,0.666666666666667,0.666666666666667,0.75,0.833333333333333
ar,directional,rolling window,JPN,pcpi_pch,0,0.103568390448627,0.0213937071002178,0.0221345946333136,0.060040088715096,0.0833333333333333,0.0833333333333333,0.166666666666667,0.166666666666667,0.166666666666667,0.25,0.416666666666667,0.666666666666667,0.666666666666667,0.25,0.25,0.333333333333333,0.5,0.583333333333333,0.583333333333333,0.583333333333333,0.666666666666667,0.666666666666667,0.75,0.75,0.75,0.75,0.75,0.75,0.75,0.916666666666667,0.916666666666667
ar,directional,rolling window,USA,pcpi_pch,0,0.14800118955663,0.0193204758850682,0.0156923518899711,0.112988361781591,0,0,0,0.0833333333333333,0.166666666666667,0.166666666666667,0.416666666666667,0.416666666666667,0.5,0.416666666666667,0.416666666666667,0.416666666666667,0.583333333333333,0.583333333333333,0.666666666666667,0.666666666666667,0.666666666666667,0.666666666666667,0.666666666666667,0.666666666666667,0.666666666666667,0.75,0.75,0.75,0.833333333333333,0.833333333333333,0.916666666666667
ar,directional,rolling window,CAN,pcpi_pch,0.5,0.428666518512862,0.170429109431478,0.124816566607229,0.133420842474155,0,0,0.166666666666667,0.333333333333333,0.5,0.583333333333333,0.583333333333333,0.583333333333333,0.75,0.0833333333333333,0.166666666666667,0.166666666666667,0.166666666666667,0.25,0.333333333333333,0.416666666666667,0.5,0.5,0.5,0.5,0.583333333333333,0.666666666666667,0.75,0.75,0.75,0.75,0.833333333333333
ar,directional,rolling window,DEU,pcpi_pch,0.5,0.279347779528765,0.115659876195191,0.105988597367313,0.0576993059662614,0,0.0833333333333333,0.0833333333333333,0.0833333333333333,0.416666666666667,0.583333333333333,0.583333333333333,0.75,0.833333333333333,0.0833333333333333,0.0833333333333333,0.166666666666667,0.166666666666667,0.166666666666667,0.416666666666667,0.416666666666667,0.416666666666667,0.416666666666667,0.416666666666667,0.5,0.5,0.5,0.583333333333333,0.75,0.75,0.833333333333333,0.916666666666667
ar,directional,rolling window,FRA,pcpi_pch,0.5,0.380651277721112,0.101419996209897,0.234850666987456,0.0443806145237587,0,0,0.166666666666667,0.166666666666667,0.25,0.416666666666667,0.5,0.583333333333333,0.666666666666667,0.0833333333333333,0.0833333333333333,0.0833333333333333,0.0833333333333333,0.25,0.333333333333333,0.333333333333333,0.416666666666667,0.416666666666667,0.416666666666667,0.416666666666667,0.5,0.5,0.5,0.5,0.583333333333333,0.666666666666667,0.75
ar,directional,rolling window,GBR,pcpi_pch,0.5,0.239776453893351,0.12206552790314,0.0739146274100732,0.0437962985801387,0.0833333333333333,0.416666666666667,0.416666666666667,0.416666666666667,0.583333333333333,0.666666666666667,0.75,0.75,0.833333333333333,0.0833333333333333,0.0833333333333333,0.0833333333333333,0.166666666666667,0.166666666666667,0.25,0.25,0.25,0.416666666666667,0.5,0.666666666666667,0.666666666666667,0.666666666666667,0.75,0.833333333333333,0.833333333333333,0.833333333333333,0.916666666666667
ar,directional,rolling window,ITA,pcpi_pch,0.5,0.215150810608179,0.0855254195629678,0.129112720006276,0.000512671038934721,0.25,0.333333333333333,0.333333333333333,0.416666666666667,0.583333333333333,0.666666666666667,0.666666666666667,0.666666666666667,0.75,0,0,0,0,0,0,0,0,0.0833333333333333,0.333333333333333,0.333333333333333,0.333333333333333,0.416666666666667,0.583333333333333,0.666666666666667,0.666666666666667,0.666666666666667,0.75
ar,directional,rolling window,JPN,pcpi_pch,0.5,0.261725443962094,0.0596480653484531,0.0844306994383853,0.117646679175255,0,0.0833333333333333,0.25,0.25,0.333333333333333,0.333333333333333,0.416666666666667,0.583333333333333,0.833333333333333,0.166666666666667,0.25,0.25,0.25,0.25,0.333333333333333,0.333333333333333,0.416666666666667,0.416666666666667,0.416666666666667,0.5,0.583333333333333,0.583333333333333,0.583333333333333,0.583333333333333,0.666666666666667,0.833333333333333,1
ar,directional,rolling window,USA,pcpi_pch,0.5,0.393302868421145,0.0961100878238511,0.16921163997955,0.127981140617743,0,0,0,0.166666666666667,0.25,0.25,0.416666666666667,0.5,0.583333333333333,0.166666666666667,0.166666666666667,0.25,0.333333333333333,0.333333333333333,0.416666666666667,0.5,0.5,0.5,0.5,0.5,0.5,0.583333333333333,0.583333333333333,0.583333333333333,0.666666666666667,0.666666666666667,0.75
ar,directional,rolling window,CAN,pcpi_pch,1,0.664425432494078,0.173182325398607,0.215959559395025,0.275283547700447,0,0.0833333333333333,0.166666666666667,0.166666666666667,0.166666666666667,0.25,0.5,0.5,0.75,0.0833333333333333,0.166666666666667,0.166666666666667,0.25,0.333333333333333,0.333333333333333,0.333333333333333,0.416666666666667,0.416666666666667,0.416666666666667,0.5,0.5,0.5,0.5,0.5,0.666666666666667,0.666666666666667,0.833333333333333
ar,directional,rolling window,DEU,pcpi_pch,1,0.486370996698121,0.17729680278227,0.185246668302326,0.123827525613525,0.0833333333333333,0.0833333333333333,0.333333333333333,0.5,0.5,0.583333333333333,0.666666666666667,0.666666666666667,0.666666666666667,0.0833333333333333,0.0833333333333333,0.0833333333333333,0.0833333333333333,0.0833333333333333,0.0833333333333333,0.166666666666667,0.333333333333333,0.333333333333333,0.416666666666667,0.416666666666667,0.5,0.583333333333333,0.583333333333333,0.666666666666667,0.75,0.75,0.75
ar,directional,rolling window,FRA,pcpi_pch,1,0.503818826363313,0.120266354223134,0.247062436577379,0.1364900355628,0,0.0833333333333333,0.25,0.25,0.333333333333333,0.5,0.5,0.583333333333333,0.75,0.0833333333333333,0.0833333333333333,0.0833333333333333,0.0833333333333333,0.0833333333333333,0.166666666666667,0.166666666666667,0.333333333333333,0.333333333333333,0.333333333333333,0.416666666666667,0.416666666666667,0.416666666666667,0.416666666666667,0.583333333333333,0.583333333333333,0.666666666666667,0.833333333333333
ar,directional,rolling window,GBR,pcpi_pch,1,0.705039691382398,0.0689953717864364,0.419158427703781,0.216885891892181,0,0,0,0.0833333333333333,0.166666666666667,0.25,0.333333333333333,0.416666666666667,0.5,0.25,0.25,0.333333333333333,0.333333333333333,0.333333333333333,0.416666666666667,0.416666666666667,0.416666666666667,0.416666666666667,0.416666666666667,0.416666666666667,0.416666666666667,0.5,0.5,0.583333333333333,0.666666666666667,0.666666666666667,0.75
ar,directional,rolling window,ITA,pcpi_pch,1,0.551179579585463,0.116938392859953,0.204372822002092,0.229868364723417,0.0833333333333333,0.166666666666667,0.166666666666667,0.166666666666667,0.5,0.583333333333333,0.666666666666667,0.666666666666667,0.666666666666667,0.0833333333333333,0.0833333333333333,0.0833333333333333,0.166666666666667,0.25,0.333333333333333,0.333333333333333,0.333333333333333,0.333333333333333,0.416666666666667,0.5,0.5,0.5,0.75,0.75,0.75,0.75,0.75
ar,directional,rolling window,JPN,pcpi_pch,1,0.628371276813645,0.146909451553386,0.257624881439554,0.223836943820705,0,0.166666666666667,0.25,0.25,0.333333333333333,0.416666666666667,0.5,0.583333333333333,0.833333333333333,0.0833333333333333,0.166666666666667,0.25,0.25,0.25,0.25,0.25,0.333333333333333,0.333333333333333,0.333333333333333,0.5,0.5,0.5,0.583333333333333,0.666666666666667,0.75,0.75,0.916666666666667
ar,directional,rolling window,USA,pcpi_pch,1,0.910267724547102,0.126867410877977,0.26055833755967,0.522841976109454,0,0.0833333333333333,0.166666666666667,0.333333333333333,0.416666666666667,0.416666666666667,0.5,0.5,0.5,0.25,0.25,0.25,0.25,0.25,0.333333333333333,0.416666666666667,0.416666666666667,0.416666666666667,0.416666666666667,0.5,0.583333333333333,0.666666666666667,0.666666666666667,0.666666666666667,0.75,0.75,0.75
ar,directional,rolling window,CAN,pcpi_pch,1.5,0.595195389182822,0.266220668289821,0.204484153198478,0.124490567694523,0.166666666666667,0.333333333333333,0.333333333333333,0.5,0.5,0.583333333333333,0.75,0.75,0.833333333333333,0.0833333333333333,0.0833333333333333,0.0833333333333333,0.166666666666667,0.166666666666667,0.166666666666667,0.25,0.25,0.25,0.416666666666667,0.583333333333333,0.583333333333333,0.666666666666667,0.666666666666667,0.75,0.833333333333333,0.833333333333333,0.916666666666667
ar,directional,rolling window,DEU,pcpi_pch,1.5,0.55108185066696,0.225799795629038,0.239805022752872,0.0854770322850501,0,0.0833333333333333,0.166666666666667,0.333333333333333,0.333333333333333,0.5,0.583333333333333,0.666666666666667,0.666666666666667,0.0833333333333333,0.0833333333333333,0.0833333333333333,0.166666666666667,0.166666666666667,0.166666666666667,0.25,0.333333333333333,0.333333333333333,0.333333333333333,0.416666666666667,0.416666666666667,0.5,0.5,0.666666666666667,0.666666666666667,0.75,0.75
ar,directional,rolling window,FRA,pcpi_pch,1.5,0.828198697415044,0.175238822801015,0.532254026820239,0.12070584779379,0,0.25,0.25,0.25,0.25,0.25,0.5,0.5,0.666666666666667,0.0833333333333333,0.0833333333333333,0.0833333333333333,0.0833333333333333,0.0833333333333333,0.0833333333333333,0.0833333333333333,0.0833333333333333,0.25,0.25,0.333333333333333,0.333333333333333,0.333333333333333,0.333333333333333,0.333333333333333,0.583333333333333,0.583333333333333,0.75
ar,directional,rolling window,GBR,pcpi_pch,1.5,0.716780517020086,0.0942364346707764,0.569820434118902,0.0527236482304071,0,0,0,0,0.166666666666667,0.333333333333333,0.333333333333333,0.333333333333333,0.5,0.0833333333333333,0.166666666666667,0.166666666666667,0.166666666666667,0.166666666666667,0.166666666666667,0.166666666666667,0.166666666666667,0.166666666666667,0.166666666666667,0.166666666666667,0.166666666666667,0.166666666666667,0.333333333333333,0.5,0.5,0.5,0.583333333333333
ar,directional,rolling window,ITA,pcpi_pch,1.5,0.749835464296735,0.177405376579934,0.457222282468408,0.115207805248394,0,0.0833333333333333,0.166666666666667,0.25,0.25,0.25,0.583333333333333,0.666666666666667,0.666666666666667,0.0833333333333333,0.0833333333333333,0.0833333333333333,0.0833333333333333,0.0833333333333333,0.0833333333333333,0.0833333333333333,0.0833333333333333,0.0833333333333333,0.0833333333333333,0.166666666666667,0.25,0.333333333333333,0.333333333333333,0.333333333333333,0.666666666666667,0.75,0.75
ar,directional,rolling window,JPN,pcpi_pch,1.5,0.577680075687727,0.184611042395309,0.318277120879252,0.074791912413166,0,0.0833333333333333,0.166666666666667,0.166666666666667,0.166666666666667,0.25,0.333333333333333,0.5,0.666666666666667,0.166666666666667,0.166666666666667,0.25,0.25,0.25,0.25,0.25,0.25,0.25,0.25,0.333333333333333,0.416666666666667,0.416666666666667,0.416666666666667,0.5,0.583333333333333,0.666666666666667,0.833333333333333
ar,directional,rolling window,USA,pcpi_pch,1.5,0.707288861492876,0.170550023498116,0.145418889159342,0.391319948835418,0,0.166666666666667,0.166666666666667,0.25,0.25,0.25,0.25,0.5,0.833333333333333,0.166666666666667,0.166666666666667,0.25,0.25,0.25,0.25,0.333333333333333,0.333333333333333,0.416666666666667,0.416666666666667,0.5,0.5,0.5,0.5,0.5,0.5,0.666666666666667,1
bvar,directional,rolling window,CAN,ngdp_rpch,0,0.355599652449424,0.0921102538633219,0.184082954184276,0.0794064444018262,0.0833333333333333,0.25,0.25,0.25,0.333333333333333,0.333333333333333,0.416666666666667,0.583333333333333,0.583333333333333,0.0833333333333333,0.0833333333333333,0.166666666666667,0.166666666666667,0.166666666666667,0.166666666666667,0.166666666666667,0.166666666666667,0.25,0.333333333333333,0.416666666666667,0.416666666666667,0.416666666666667,0.5,0.5,0.583333333333333,0.666666666666667,0.666666666666667
bvar,directional,rolling window,DEU,ngdp_rpch,0,0.459350213962693,0.125109358288471,0.114708187903884,0.219532667770338,0.0833333333333333,0.166666666666667,0.25,0.333333333333333,0.333333333333333,0.416666666666667,0.5,0.583333333333333,0.833333333333333,0,0.25,0.25,0.333333333333333,0.416666666666667,0.416666666666667,0.5,0.5,0.5,0.583333333333333,0.666666666666667,0.75,0.75,0.75,0.75,0.75,0.833333333333333,0.833333333333333
bvar,directional,rolling window,FRA,ngdp_rpch,0,0.164120426324243,0.0537156457625216,0.0588547535898328,0.051550026971889,0.0833333333333333,0.0833333333333333,0.166666666666667,0.333333333333333,0.416666666666667,0.416666666666667,0.416666666666667,0.583333333333333,0.916666666666667,0,0.333333333333333,0.5,0.5,0.5,0.583333333333333,0.583333333333333,0.583333333333333,0.583333333333333,0.666666666666667,0.666666666666667,0.75,0.916666666666667,0.916666666666667,0.916666666666667,0.916666666666667,0.916666666666667,0.916666666666667
bvar,directional,rolling window,GBR,ngdp_rpch,0,0.516400731892807,0.199676107062218,0.223815997791022,0.0929086270395673,0.166666666666667,0.25,0.333333333333333,0.333333333333333,0.416666666666667,0.416666666666667,0.5,0.583333333333333,0.833333333333333,0.0833333333333333,0.166666666666667,0.166666666666667,0.166666666666667,0.166666666666667,0.25,0.25,0.333333333333333,0.333333333333333,0.5,0.583333333333333,0.583333333333333,0.583333333333333,0.583333333333333,0.583333333333333,0.666666666666667,0.75,0.916666666666667
bvar,directional,rolling window,ITA,ngdp_rpch,0,0.297112108213044,0.0901231627967901,0.075476004150725,0.131512941265529,0.0833333333333333,0.166666666666667,0.25,0.25,0.333333333333333,0.416666666666667,0.5,0.5,0.666666666666667,0.0833333333333333,0.0833333333333333,0.0833333333333333,0.166666666666667,0.25,0.333333333333333,0.333333333333333,0.333333333333333,0.333333333333333,0.416666666666667,0.5,0.583333333333333,0.583333333333333,0.583333333333333,0.583333333333333,0.583333333333333,0.583333333333333,0.75
bvar,directional,rolling window,JPN,ngdp_rpch,0,0.541326739107059,0.211161806595305,0.213061262189969,0.117103670321785,0,0.0833333333333333,0.166666666666667,0.166666666666667,0.25,0.416666666666667,0.583333333333333,0.666666666666667,0.75,0.0833333333333333,0.0833333333333333,0.166666666666667,0.166666666666667,0.166666666666667,0.25,0.25,0.333333333333333,0.333333333333333,0.333333333333333,0.416666666666667,0.416666666666667,0.416666666666667,0.416666666666667,0.583333333333333,0.75,0.75,0.833333333333333
bvar,directional,rolling window,USA,ngdp_rpch,0,0.25487118190672,0.125942027039611,0.122109380869299,0.00681977399780914,0.0833333333333333,0.25,0.25,0.333333333333333,0.5,0.666666666666667,0.75,0.916666666666667,0.916666666666667,0,0,0,0,0,0.0833333333333333,0.166666666666667,0.166666666666667,0.166666666666667,0.25,0.416666666666667,0.416666666666667,0.416666666666667,0.5,0.666666666666667,0.75,0.916666666666667,0.916666666666667
bvar,directional,rolling window,CAN,ngdp_rpch,0.5,0.366644496210368,0.157205535548773,0.151872043694138,0.0575669169674577,0.0833333333333333,0.166666666666667,0.25,0.333333333333333,0.416666666666667,0.583333333333333,0.833333333333333,0.833333333333333,0.833333333333333,0,0,0,0.0833333333333333,0.166666666666667,0.25,0.333333333333333,0.333333333333333,0.416666666666667,0.5,0.5,0.583333333333333,0.583333333333333,0.583333333333333,0.666666666666667,0.833333333333333,0.833333333333333,0.833333333333333
bvar,directional,rolling window,DEU,ngdp_rpch,0.5,0.655142833285893,0.170559095665067,0.227314821690678,0.257268915930149,0,0.0833333333333333,0.0833333333333333,0.333333333333333,0.416666666666667,0.416666666666667,0.583333333333333,0.583333333333333,0.833333333333333,0,0.25,0.25,0.25,0.25,0.333333333333333,0.416666666666667,0.416666666666667,0.416666666666667,0.416666666666667,0.5,0.5,0.666666666666667,0.666666666666667,0.666666666666667,0.833333333333333,0.833333333333333,0.833333333333333
bvar,directional,rolling window,FRA,ngdp_rpch,0.5,0.355103540799962,0.0854144130420002,0.0930545889593266,0.176634538798635,0,0,0,0.166666666666667,0.333333333333333,0.416666666666667,0.666666666666667,0.75,0.75,0.166666666666667,0.166666666666667,0.25,0.416666666666667,0.5,0.583333333333333,0.666666666666667,0.666666666666667,0.666666666666667,0.666666666666667,0.666666666666667,0.666666666666667,0.75,0.833333333333333,0.833333333333333,0.916666666666667,0.916666666666667,0.916666666666667
bvar,directional,rolling window,GBR,ngdp_rpch,0.5,0.480243855357922,0.181947500153504,0.14016386082314,0.158132494381278,0.0833333333333333,0.0833333333333333,0.333333333333333,0.333333333333333,0.5,0.5,0.5,0.5,0.666666666666667,0.166666666666667,0.166666666666667,0.166666666666667,0.166666666666667,0.166666666666667,0.333333333333333,0.333333333333333,0.583333333333333,0.583333333333333,0.666666666666667,0.666666666666667,0.666666666666667,0.666666666666667,0.666666666666667,0.666666666666667,0.666666666666667,0.666666666666667,0.833333333333333
bvar,directional,rolling window,ITA,ngdp_rpch,0.5,0.606490913011752,0.130021803286157,0.172407088468789,0.304062021256807,0,0.0833333333333333,0.166666666666667,0.25,0.5,0.583333333333333,0.583333333333333,0.583333333333333,0.666666666666667,0.166666666666667,0.25,0.25,0.25,0.25,0.25,0.333333333333333,0.333333333333333,0.333333333333333,0.333333333333333,0.416666666666667,0.5,0.5,0.75,0.833333333333333,0.833333333333333,0.833333333333333,0.833333333333333
bvar,directional,rolling window,JPN,ngdp_rpch,0.5,1.21832884101471,0.360897316000044,0.658388245015274,0.199043279999393,0,0,0.0833333333333333,0.25,0.416666666666667,0.5,0.583333333333333,0.666666666666667,0.666666666666667,0.0833333333333333,0.0833333333333333,0.166666666666667,0.166666666666667,0.166666666666667,0.25,0.333333333333333,0.416666666666667,0.416666666666667,0.416666666666667,0.416666666666667,0.416666666666667,0.5,0.583333333333333,0.666666666666667,0.75,0.75,0.75
bvar,directional,rolling window,USA,ngdp_rpch,0.5,0.43230896227693,0.183299799523988,0.109748116875116,0.139261045877826,0.166666666666667,0.166666666666667,0.25,0.333333333333333,0.333333333333333,0.416666666666667,0.583333333333333,0.666666666666667,0.916666666666667,0,0.166666666666667,0.25,0.416666666666667,0.416666666666667,0.416666666666667,0.416666666666667,0.416666666666667,0.416666666666667,0.583333333333333,0.583333333333333,0.666666666666667,0.75,0.75,0.833333333333333,0.833333333333333,0.833333333333333,0.916666666666667
bvar,directional,rolling window,CAN,ngdp_rpch,1,1.00256122558283,0.34360723987587,0.097108881285224,0.561845104421735,0.0833333333333333,0.333333333333333,0.5,0.5,0.5,0.583333333333333,0.666666666666667,0.75,0.833333333333333,0.166666666666667,0.166666666666667,0.166666666666667,0.25,0.333333333333333,0.333333333333333,0.333333333333333,0.416666666666667,0.583333333333333,0.666666666666667,0.75,0.833333333333333,0.833333333333333,0.833333333333333,0.833333333333333,0.833333333333333,0.916666666666667,1
bvar,directional,rolling window,DEU,ngdp_rpch,1,1.09684484913844,0.210477226610091,0.306922224363608,0.579445398164738,0.0833333333333333,0.166666666666667,0.25,0.333333333333333,0.333333333333333,0.416666666666667,0.5,0.583333333333333,0.666666666666667,0.0833333333333333,0.0833333333333333,0.166666666666667,0.25,0.333333333333333,0.333333333333333,0.416666666666667,0.5,0.583333333333333,0.666666666666667,0.666666666666667,0.666666666666667,0.666666666666667,0.666666666666667,0.666666666666667,0.666666666666667,0.666666666666667,0.75
bvar,directional,rolling window,FRA,ngdp_rpch,1,0.689458737336823,0.258176437961748,0.0211268584407142,0.41015544093436,0.166666666666667,0.166666666666667,0.25,0.5,0.583333333333333,0.583333333333333,0.833333333333333,0.833333333333333,0.833333333333333,0.166666666666667,0.166666666666667,0.166666666666667,0.333333333333333,0.333333333333333,0.416666666666667,0.583333333333333,0.583333333333333,0.583333333333333,0.75,0.75,0.833333333333333,0.916666666666667,0.916666666666667,0.916666666666667,1,1,1
bvar,directional,rolling window,GBR,ngdp_rpch,1,0.914717849838626,0.132410017068905,0.143035644211058,0.639272188558663,0,0,0.0833333333333333,0.166666666666667,0.25,0.5,0.583333333333333,0.75,0.75,0.166666666666667,0.166666666666667,0.333333333333333,0.333333333333333,0.5,0.583333333333333,0.583333333333333,0.583333333333333,0.583333333333333,0.583333333333333,0.583333333333333,0.666666666666667,0.75,0.75,0.833333333333333,0.916666666666667,0.916666666666667,0.916666666666667
bvar,directional,rolling window,ITA,ngdp_rpch,1,0.810278376566909,0.221422336618025,0.0472277921962393,0.541628247752646,0.0833333333333333,0.25,0.333333333333333,0.416666666666667,0.5,0.666666666666667,0.666666666666667,0.75,0.833333333333333,0.166666666666667,0.25,0.25,0.25,0.333333333333333,0.416666666666667,0.5,0.5,0.5,0.583333333333333,0.75,0.833333333333333,0.833333333333333,0.833333333333333,0.916666666666667,0.916666666666667,1,1
bvar,directional,rolling window,JPN,ngdp_rpch,1,1.63492869199614,0.34154107734426,0.816316446874455,0.477071167777429,0,0,0.166666666666667,0.166666666666667,0.25,0.333333333333333,0.333333333333333,0.333333333333333,0.416666666666667,0.0833333333333333,0.166666666666667,0.166666666666667,0.166666666666667,0.166666666666667,0.25,0.25,0.416666666666667,0.416666666666667,0.416666666666667,0.416666666666667,0.416666666666667,0.416666666666667,0.416666666666667,0.5,0.5,0.5,0.5
bvar,directional,rolling window,USA,ngdp_rpch,1,0.970343693972896,0.194365498000274,0.0656949368325043,0.710283259140117,0.166666666666667,0.25,0.333333333333333,0.416666666666667,0.5,0.583333333333333,0.583333333333333,0.666666666666667,0.666666666666667,0.25,0.25,0.25,0.25,0.333333333333333,0.416666666666667,0.416666666666667,0.416666666666667,0.416666666666667,0.583333333333333,0.666666666666667,0.75,0.833333333333333,0.833333333333333,0.833333333333333,0.833333333333333,0.916666666666667,0.916666666666667
bvar,directional,rolling window,CAN,ngdp_rpch,1.5,0.937720646812628,0.31007485290021,0.0623845706769106,0.565261223235507,0,0.0833333333333333,0.583333333333333,0.666666666666667,0.666666666666667,0.666666666666667,0.666666666666667,0.75,0.833333333333333,0.166666666666667,0.166666666666667,0.25,0.25,0.25,0.25,0.333333333333333,0.666666666666667,0.666666666666667,0.666666666666667,0.75,0.916666666666667,0.916666666666667,0.916666666666667,0.916666666666667,0.916666666666667,0.916666666666667,1
bvar,directional,rolling window,DEU,ngdp_rpch,1.5,1.35731835142762,0.266682768902387,0.441227115748605,0.649408466776628,0.0833333333333333,0.0833333333333333,0.333333333333333,0.333333333333333,0.333333333333333,0.333333333333333,0.333333333333333,0.416666666666667,0.583333333333333,0.0833333333333333,0.25,0.333333333333333,0.333333333333333,0.333333333333333,0.333333333333333,0.333333333333333,0.5,0.5,0.583333333333333,0.583333333333333,0.666666666666667,0.666666666666667,0.666666666666667,0.666666666666667,0.666666666666667,0.666666666666667,0.666666666666667
bvar,directional,rolling window,FRA,ngdp_rpch,1.5,0.820724959663598,0.28584096929203,0.0128604089994369,0.522023581372131,0.0833333333333333,0.333333333333333,0.333333333333333,0.416666666666667,0.666666666666667,0.75,0.75,0.75,0.833333333333333,0.166666666666667,0.25,0.25,0.25,0.333333333333333,0.5,0.5,0.5,0.583333333333333,0.666666666666667,0.833333333333333,0.833333333333333,0.916666666666667,1,1,1,1,1
bvar,directional,rolling window,GBR,ngdp_rpch,1.5,1.10143406335735,0.215553004985546,0.061956045199933,0.823925013171876,0.0833333333333333,0.0833333333333333,0.0833333333333333,0.25,0.25,0.5,0.666666666666667,0.75,0.833333333333333,0.166666666666667,0.25,0.333333333333333,0.416666666666667,0.583333333333333,0.583333333333333,0.666666666666667,0.666666666666667,0.666666666666667,0.75,0.75,0.75,0.833333333333333,0.833333333333333,0.916666666666667,1,1,1
bvar,directional,rolling window,ITA,ngdp_rpch,1.5,1.20890184598599,0.242182482337345,0.162308410801899,0.804410952846746,0.166666666666667,0.166666666666667,0.166666666666667,0.166666666666667,0.25,0.333333333333333,0.5,0.666666666666667,0.75,0.166666666666667,0.25,0.333333333333333,0.416666666666667,0.5,0.5,0.5,0.5,0.5,0.666666666666667,0.666666666666667,0.666666666666667,0.666666666666667,0.75,0.75,0.833333333333333,0.916666666666667,0.916666666666667
bvar,directional,rolling window,JPN,ngdp_rpch,1.5,1.93488868423825,0.465348665865269,1.12287575383917,0.346664264533806,0,0.0833333333333333,0.0833333333333333,0.25,0.333333333333333,0.333333333333333,0.333333333333333,0.416666666666667,0.583333333333333,0.0833333333333333,0.0833333333333333,0.0833333333333333,0.0833333333333333,0.0833333333333333,0.166666666666667,0.25,0.25,0.333333333333333,0.333333333333333,0.333333333333333,0.333333333333333,0.416666666666667,0.416666666666667,0.416666666666667,0.416666666666667,0.5,0.666666666666667
bvar,directional,rolling window,USA,ngdp_rpch,1.5,1.15055839154425,0.288184820545317,0.0759266131080328,0.786446957890901,0.0833333333333333,0.166666666666667,0.333333333333333,0.333333333333333,0.5,0.583333333333333,0.583333333333333,0.666666666666667,0.75,0.166666666666667,0.25,0.333333333333333,0.333333333333333,0.333333333333333,0.5,0.5,0.666666666666667,0.666666666666667,0.75,0.833333333333333,0.833333333333333,0.833333333333333,0.833333333333333,0.916666666666667,0.916666666666667,0.916666666666667,0.916666666666667
bvar,directional,rolling window,CAN,pcpi_pch,0,0.0823503612105464,0.0249436517081518,0.00989010681456934,0.0475166026878253,0.0833333333333333,0.166666666666667,0.333333333333333,0.416666666666667,0.5,0.583333333333333,0.666666666666667,0.833333333333333,0.833333333333333,0.0833333333333333,0.0833333333333333,0.166666666666667,0.166666666666667,0.25,0.25,0.25,0.333333333333333,0.416666666666667,0.5,0.5,0.583333333333333,0.666666666666667,0.75,0.75,0.833333333333333,0.916666666666667,0.916666666666667
bvar,directional,rolling window,DEU,pcpi_pch,0,0.128334150693558,0.0578485095611074,0.0589887571243885,0.011496884008062,0.0833333333333333,0.166666666666667,0.25,0.333333333333333,0.583333333333333,0.666666666666667,0.75,0.916666666666667,1,0,0,0.0833333333333333,0.0833333333333333,0.0833333333333333,0.25,0.25,0.25,0.333333333333333,0.416666666666667,0.416666666666667,0.5,0.583333333333333,0.666666666666667,0.75,0.833333333333333,0.916666666666667,1
bvar,directional,rolling window,FRA,pcpi_pch,0,0.068081739214415,0.0181150048651888,0.0468745252174196,0.00309220913180664,0,0.0833333333333333,0.0833333333333333,0.166666666666667,0.333333333333333,0.333333333333333,0.416666666666667,0.5,0.583333333333333,0,0,0.0833333333333333,0.0833333333333333,0.0833333333333333,0.0833333333333333,0.166666666666667,0.166666666666667,0.166666666666667,0.166666666666667,0.25,0.25,0.25,0.416666666666667,0.416666666666667,0.5,0.5,0.583333333333333
bvar,directional,rolling window,GBR,pcpi_pch,0,0.255996357423082,0.111907617152003,0.0731195521881539,0.0709691880829247,0.0833333333333333,0.25,0.25,0.333333333333333,0.333333333333333,0.333333333333333,0.416666666666667,0.583333333333333,0.583333333333333,0.333333333333333,0.333333333333333,0.416666666666667,0.416666666666667,0.416666666666667,0.416666666666667,0.416666666666667,0.416666666666667,0.5,0.583333333333333,0.666666666666667,0.666666666666667,0.75,0.75,0.75,0.833333333333333,0.916666666666667,0.916666666666667
bvar,directional,rolling window,ITA,pcpi_pch,0,0.0908798892021952,0.0372257498194781,0.0405159832375512,0.013138156145166,0.166666666666667,0.166666666666667,0.166666666666667,0.25,0.333333333333333,0.5,0.666666666666667,0.75,0.833333333333333,0,0,0,0.0833333333333333,0.25,0.333333333333333,0.333333333333333,0.333333333333333,0.333333333333333,0.5,0.5,0.5,0.583333333333333,0.583333333333333,0.583333333333333,0.666666666666667,0.75,0.833333333333333
bvar,directional,rolling window,JPN,pcpi_pch,0,0.0874746604884475,0.0198107016636728,0.0149823505947596,0.0526816082300151,0,0.0833333333333333,0.0833333333333333,0.0833333333333333,0.25,0.25,0.416666666666667,0.666666666666667,0.916666666666667,0.0833333333333333,0.25,0.416666666666667,0.416666666666667,0.416666666666667,0.583333333333333,0.583333333333333,0.583333333333333,0.666666666666667,0.666666666666667,0.666666666666667,0.666666666666667,0.666666666666667,0.666666666666667,0.666666666666667,0.833333333333333,0.916666666666667,1
bvar,directional,rolling window,USA,pcpi_pch,0,0.144947276261075,0.0186257241318246,0.0154793945047204,0.11084215762453,0,0,0.0833333333333333,0.166666666666667,0.166666666666667,0.166666666666667,0.416666666666667,0.416666666666667,0.583333333333333,0.333333333333333,0.416666666666667,0.416666666666667,0.583333333333333,0.583333333333333,0.583333333333333,0.583333333333333,0.666666666666667,0.666666666666667,0.666666666666667,0.666666666666667,0.666666666666667,0.75,0.75,0.75,0.833333333333333,0.833333333333333,0.916666666666667
bvar,directional,rolling window,CAN,pcpi_pch,0.5,0.495430569593463,0.18426706604834,0.183221409008856,0.127942094536267,0,0,0.166666666666667,0.25,0.333333333333333,0.5,0.5,0.5,0.666666666666667,0.0833333333333333,0.166666666666667,0.166666666666667,0.166666666666667,0.25,0.333333333333333,0.416666666666667,0.5,0.5,0.5,0.5,0.583333333333333,0.583333333333333,0.583333333333333,0.666666666666667,0.666666666666667,0.666666666666667,0.75
bvar,directional,rolling window,DEU,pcpi_pch,0.5,0.255936308064744,0.104896732863715,0.12405885597684,0.0269807192241884,0,0,0.0833333333333333,0.166666666666667,0.25,0.5,0.666666666666667,0.75,0.916666666666667,0,0.0833333333333333,0.0833333333333333,0.166666666666667,0.333333333333333,0.333333333333333,0.333333333333333,0.333333333333333,0.333333333333333,0.333333333333333,0.333333333333333,0.416666666666667,0.5,0.583333333333333,0.666666666666667,0.75,0.833333333333333,0.916666666666667
bvar,directional,rolling window,FRA,pcpi_pch,0.5,0.400256777437857,0.104377158480331,0.25215880811052,0.0437208108470055,0,0.0833333333333333,0.166666666666667,0.25,0.25,0.333333333333333,0.416666666666667,0.583333333333333,0.666666666666667,0.0833333333333333,0.0833333333333333,0.0833333333333333,0.166666666666667,0.25,0.25,0.333333333333333,0.333333333333333,0.416666666666667,0.416666666666667,0.416666666666667,0.5,0.5,0.5,0.5,0.5,0.666666666666667,0.75
bvar,directional,rolling window,GBR,pcpi_pch,0.5,0.257751951006212,0.115515072579369,0.113286199087519,0.0289506793393235,0.0833333333333333,0.25,0.333333333333333,0.333333333333333,0.416666666666667,0.583333333333333,0.666666666666667,0.75,0.916666666666667,0,0.0833333333333333,0.0833333333333333,0.166666666666667,0.166666666666667,0.25,0.25,0.25,0.333333333333333,0.416666666666667,0.5,0.583333333333333,0.583333333333333,0.583333333333333,0.75,0.75,0.833333333333333,0.916666666666667
bvar,directional,rolling window,ITA,pcpi_pch,0.5,0.294707671450965,0.0811272191633409,0.210446675607136,0.00313377668048796,0.0833333333333333,0.0833333333333333,0.166666666666667,0.333333333333333,0.416666666666667,0.416666666666667,0.5,0.5,0.583333333333333,0,0,0,0,0,0.0833333333333333,0.0833333333333333,0.166666666666667,0.166666666666667,0.25,0.25,0.25,0.416666666666667,0.416666666666667,0.416666666666667,0.5,0.5,0.583333333333333
bvar,directional,rolling window,JPN,pcpi_pch,0.5,0.402669148102041,0.113787988763469,0.165726918803363,0.123154240535208,0,0.166666666666667,0.166666666666667,0.416666666666667,0.416666666666667,0.416666666666667,0.416666666666667,0.416666666666667,0.75,0.166666666666667,0.25,0.25,0.25,0.25,0.25,0.333333333333333,0.333333333333333,0.333333333333333,0.333333333333333,0.5,0.5,0.666666666666667,0.666666666666667,0.666666666666667,0.666666666666667,0.666666666666667,0.916666666666667
bvar,directional,rolling window,USA,pcpi_pch,0.5,0.378445794828851,0.0866813597254014,0.173701114966743,0.118063320136707,0.0833333333333333,0.0833333333333333,0.0833333333333333,0.166666666666667,0.166666666666667,0.166666666666667,0.416666666666667,0.583333333333333,0.583333333333333,0.166666666666667,0.166666666666667,0.25,0.333333333333333,0.333333333333333,0.333333333333333,0.416666666666667,0.416666666666667,0.416666666666667,0.5,0.5,0.5,0.5,0.5,0.5,0.666666666666667,0.75,0.75
bvar,directional,rolling window,CAN,pcpi_pch,1,0.774503448317566,0.215355794605926,0.279475896566074,0.279671757145566,0.0833333333333333,0.0833333333333333,0.166666666666667,0.25,0.333333333333333,0.333333333333333,0.5,0.583333333333333,0.75,0.0833333333333333,0.166666666666667,0.166666666666667,0.25,0.25,0.25,0.25,0.333333333333333,0.333333333333333,0.416666666666667,0.416666666666667,0.416666666666667,0.5,0.583333333333333,0.583333333333333,0.666666666666667,0.75,0.833333333333333
bvar,directional,rolling window,DEU,pcpi_pch,1,0.486619897562669,0.167635052767784,0.224063562706724,0.09492128208816,0,0.166666666666667,0.25,0.416666666666667,0.5,0.5,0.5,0.666666666666667,0.666666666666667,0.0833333333333333,0.0833333333333333,0.0833333333333333,0.0833333333333333,0.0833333333333333,0.0833333333333333,0.166666666666667,0.25,0.416666666666667,0.416666666666667,0.416666666666667,0.416666666666667,0.5,0.583333333333333,0.583333333333333,0.583333333333333,0.75,0.75
bvar,directional,rolling window,FRA,pcpi_pch,1,0.480728772400667,0.11794640522687,0.22867978810757,0.134102579066227,0,0.0833333333333333,0.25,0.25,0.333333333333333,0.5,0.583333333333333,0.666666666666667,0.75,0.0833333333333333,0.0833333333333333,0.0833333333333333,0.0833333333333333,0.166666666666667,0.166666666666667,0.166666666666667,0.333333333333333,0.333333333333333,0.333333333333333,0.416666666666667,0.416666666666667,0.416666666666667,0.5,0.583333333333333,0.666666666666667,0.75,0.833333333333333
bvar,directional,rolling window,GBR,pcpi_pch,1,0.705358348536406,0.0710761419196595,0.529042155870835,0.105240050745912,0,0,0.0833333333333333,0.0833333333333333,0.166666666666667,0.333333333333333,0.416666666666667,0.416666666666667,0.416666666666667,0.0833333333333333,0.0833333333333333,0.0833333333333333,0.0833333333333333,0.166666666666667,0.25,0.25,0.25,0.25,0.25,0.25,0.333333333333333,0.333333333333333,0.333333333333333,0.416666666666667,0.5,0.5,0.5
bvar,directional,rolling window,ITA,pcpi_pch,1,0.553200920282703,0.120968611313279,0.244511173739063,0.187721135230361,0.0833333333333333,0.166666666666667,0.166666666666667,0.25,0.333333333333333,0.416666666666667,0.583333333333333,0.666666666666667,0.833333333333333,0.0833333333333333,0.0833333333333333,0.166666666666667,0.25,0.25,0.25,0.25,0.25,0.25,0.333333333333333,0.416666666666667,0.416666666666667,0.5,0.583333333333333,0.666666666666667,0.75,0.75,0.916666666666667
bvar,directional,rolling window,JPN,pcpi_pch,1,0.551880868894715,0.156455498561368,0.294006220947946,0.101419149385401,0.0833333333333333,0.166666666666667,0.25,0.5,0.5,0.5,0.583333333333333,0.583333333333333,0.833333333333333,0.0833333333333333,0.0833333333333333,0.0833333333333333,0.166666666666667,0.166666666666667,0.166666666666667,0.25,0.25,0.25,0.333333333333333,0.416666666666667,0.5,0.666666666666667,0.666666666666667,0.666666666666667,0.666666666666667,0.666666666666667,0.916666666666667
bvar,directional,rolling window,USA,pcpi_pch,1,0.860610194024296,0.11879762796195,0.266268210935944,0.475544355126402,0,0,0.166666666666667,0.333333333333333,0.416666666666667,0.416666666666667,0.5,0.5,0.5,0.25,0.25,0.25,0.25,0.25,0.333333333333333,0.333333333333333,0.333333333333333,0.333333333333333,0.333333333333333,0.333333333333333,0.5,0.666666666666667,0.666666666666667,0.666666666666667,0.75,0.75,0.75
bvar,directional,rolling window,CAN,pcpi_pch,1.5,0.739334541621077,0.283223504588896,0.358577538033114,0.0975334989990669,0.0833333333333333,0.166666666666667,0.25,0.5,0.5,0.5,0.5,0.75,0.833333333333333,0,0,0.166666666666667,0.166666666666667,0.166666666666667,0.166666666666667,0.25,0.25,0.25,0.333333333333333,0.416666666666667,0.5,0.666666666666667,0.666666666666667,0.666666666666667,0.666666666666667,0.75,0.833333333333333
bvar,directional,rolling window,DEU,pcpi_pch,1.5,0.592133224425698,0.227191363317753,0.315791203844555,0.0491506572633901,0,0.0833333333333333,0.0833333333333333,0.25,0.25,0.416666666666667,0.583333333333333,0.75,0.75,0,0,0.0833333333333333,0.166666666666667,0.166666666666667,0.166666666666667,0.166666666666667,0.166666666666667,0.25,0.25,0.25,0.25,0.416666666666667,0.416666666666667,0.583333333333333,0.666666666666667,0.75,0.75
bvar,directional,rolling window,FRA,pcpi_pch,1.5,0.938825508042864,0.193591859388303,0.612994190311017,0.132239458343543,0.0833333333333333,0.166666666666667,0.25,0.25,0.25,0.25,0.416666666666667,0.5,0.583333333333333,0.0833333333333333,0.0833333333333333,0.0833333333333333,0.0833333333333333,0.0833333333333333,0.0833333333333333,0.0833333333333333,0.0833333333333333,0.166666666666667,0.25,0.25,0.333333333333333,0.333333333333333,0.333333333333333,0.333333333333333,0.5,0.583333333333333,0.666666666666667
bvar,directional,rolling window,GBR,pcpi_pch,1.5,0.877609701479066,0.1271063041011,0.744504823195663,0.00599857418230361,0.0833333333333333,0.0833333333333333,0.0833333333333333,0.0833333333333333,0.0833333333333333,0.25,0.333333333333333,0.5,0.5,0,0,0,0,0.0833333333333333,0.0833333333333333,0.0833333333333333,0.0833333333333333,0.0833333333333333,0.166666666666667,0.166666666666667,0.166666666666667,0.166666666666667,0.166666666666667,0.25,0.333333333333333,0.5,0.5
bvar,directional,rolling window,ITA,pcpi_pch,1.5,1.01761585178742,0.174238231242751,0.698307464814156,0.145070155730516,0,0,0,0,0.0833333333333333,0.0833333333333333,0.25,0.333333333333333,0.666666666666667,0.0833333333333333,0.0833333333333333,0.0833333333333333,0.0833333333333333,0.0833333333333333,0.0833333333333333,0.0833333333333333,0.0833333333333333,0.0833333333333333,0.0833333333333333,0.0833333333333333,0.0833333333333333,0.0833333333333333,0.166666666666667,0.166666666666667,0.333333333333333,0.416666666666667,0.75
bvar,directional,rolling window,JPN,pcpi_pch,1.5,0.920983068815254,0.217334572592731,0.644325738363437,0.0593227578590856,0,0,0,0.166666666666667,0.166666666666667,0.25,0.5,0.5,0.583333333333333,0,0.0833333333333333,0.0833333333333333,0.0833333333333333,0.166666666666667,0.166666666666667,0.25,0.25,0.25,0.25,0.25,0.25,0.333333333333333,0.333333333333333,0.333333333333333,0.583333333333333,0.583333333333333,0.583333333333333
bvar,directional,rolling window,USA,pcpi_pch,1.5,0.663061941816711,0.148193862881033,0.196636550552291,0.318231528383387,0,0,0.166666666666667,0.25,0.25,0.25,0.25,0.5,0.833333333333333,0.166666666666667,0.166666666666667,0.25,0.25,0.25,0.25,0.25,0.333333333333333,0.333333333333333,0.333333333333333,0.333333333333333,0.416666666666667,0.5,0.5,0.5,0.5,0.666666666666667,1
